-- phpMyAdmin SQL Dump
-- version 5.0.2
-- https://www.phpmyadmin.net/
--
-- Host: localhost
-- Waktu pembuatan: 12 Jan 2023 pada 10.30
-- Versi server: 10.3.37-MariaDB-0ubuntu0.20.04.1
-- Versi PHP: 7.4.3

SET SQL_MODE = "NO_AUTO_VALUE_ON_ZERO";
START TRANSACTION;
SET time_zone = "+00:00";


/*!40101 SET @OLD_CHARACTER_SET_CLIENT=@@CHARACTER_SET_CLIENT */;
/*!40101 SET @OLD_CHARACTER_SET_RESULTS=@@CHARACTER_SET_RESULTS */;
/*!40101 SET @OLD_COLLATION_CONNECTION=@@COLLATION_CONNECTION */;
/*!40101 SET NAMES utf8mb4 */;

--
-- Database: `flutter_160719017`
--

-- --------------------------------------------------------

--
-- Struktur dari tabel `country`
--

CREATE TABLE `country` (
  `country_id` int(11) NOT NULL,
  `country_iso_code` varchar(10) DEFAULT NULL,
  `country_name` varchar(200) DEFAULT NULL
) ENGINE=InnoDB DEFAULT CHARSET=utf8 COLLATE=utf8_general_ci;

--
-- Dumping data untuk tabel `country`
--

INSERT INTO `country` (`country_id`, `country_iso_code`, `country_name`) VALUES
(128, 'AE', 'United Arab Emirates'),
(129, 'AF', 'Afghanistan'),
(130, 'AO', 'Angola'),
(131, 'AR', 'Argentina'),
(132, 'AT', 'Austria'),
(133, 'AU', 'Australia'),
(134, 'AW', 'Aruba'),
(135, 'BA', 'Bosnia and Herzegovina'),
(136, 'BE', 'Belgium'),
(137, 'BG', 'Bulgaria'),
(138, 'BO', 'Bolivia'),
(139, 'BR', 'Brazil'),
(140, 'BS', 'Bahamas'),
(141, 'BT', 'Bhutan'),
(142, 'CA', 'Canada'),
(143, 'CH', 'Switzerland'),
(144, 'CL', 'Chile'),
(145, 'CM', 'Cameroon'),
(146, 'CN', 'China'),
(147, 'CO', 'Colombia'),
(148, 'CS', 'Serbia and Montenegro'),
(149, 'CY', 'Cyprus'),
(150, 'CZ', 'Czech Republic'),
(151, 'DE', 'Germany'),
(152, 'DK', 'Denmark'),
(153, 'DM', 'Dominica'),
(154, 'DO', 'Dominican Republic'),
(155, 'DZ', 'Algeria'),
(156, 'EC', 'Ecuador'),
(157, 'EG', 'Egypt'),
(158, 'ES', 'Spain'),
(159, 'FI', 'Finland'),
(160, 'FJ', 'Fiji'),
(161, 'FR', 'France'),
(162, 'GB', 'United Kingdom'),
(163, 'GP', 'Guadaloupe'),
(164, 'GR', 'Greece'),
(165, 'GY', 'Guyana'),
(166, 'HK', 'Hong Kong'),
(167, 'HU', 'Hungary'),
(168, 'ID', 'Indonesia'),
(169, 'IE', 'Ireland'),
(170, 'IL', 'Israel'),
(171, 'IN', 'India'),
(172, 'IR', 'Iran'),
(173, 'IS', 'Iceland'),
(174, 'IT', 'Italy'),
(175, 'JM', 'Jamaica'),
(176, 'JO', 'Jordan'),
(177, 'JP', 'Japan'),
(178, 'KE', 'Kenya'),
(179, 'KG', 'Kyrgyz Republic'),
(180, 'KH', 'Cambodia'),
(181, 'KR', 'South Korea'),
(182, 'KZ', 'Kazakhstan'),
(183, 'LB', 'Lebanon'),
(184, 'LT', 'Lithuania'),
(185, 'LU', 'Luxembourg'),
(186, 'LY', 'Libyan Arab Jamahiriya'),
(187, 'MA', 'Morocco'),
(188, 'MC', 'Monaco'),
(189, 'MT', 'Malta'),
(190, 'MX', 'Mexico'),
(191, 'MY', 'Malaysia'),
(192, 'NG', 'Nigeria'),
(193, 'NL', 'Netherlands'),
(194, 'NO', 'Norway'),
(195, 'NZ', 'New Zealand'),
(196, 'PA', 'Panama'),
(197, 'PE', 'Peru'),
(198, 'PH', 'Philippines'),
(199, 'PK', 'Pakistan'),
(200, 'PL', 'Poland'),
(201, 'PT', 'Portugal'),
(202, 'RO', 'Romania'),
(203, 'RS', 'Serbia'),
(204, 'RU', 'Russia'),
(205, 'SE', 'Sweden'),
(206, 'SG', 'Singapore'),
(207, 'SI', 'Slovenia'),
(208, 'SK', 'Slovakia'),
(209, 'TH', 'Thailand'),
(210, 'TN', 'Tunisia'),
(211, 'TR', 'Turkey'),
(212, 'TW', 'Taiwan'),
(213, 'UA', 'Ukraine'),
(214, 'US', 'United States of America'),
(215, 'ZA', 'South Africa');

-- --------------------------------------------------------

--
-- Struktur dari tabel `department`
--

CREATE TABLE `department` (
  `department_id` int(11) NOT NULL,
  `department_name` varchar(200) DEFAULT NULL
) ENGINE=InnoDB DEFAULT CHARSET=utf8 COLLATE=utf8_general_ci;

--
-- Dumping data untuk tabel `department`
--

INSERT INTO `department` (`department_id`, `department_name`) VALUES
(1, 'Camera'),
(2, 'Directing'),
(3, 'Production'),
(4, 'Writing'),
(5, 'Editing'),
(6, 'Sound'),
(7, 'Art'),
(8, 'Costume & Make-Up'),
(9, 'Crew'),
(10, 'Visual Effects'),
(11, 'Lighting'),
(12, 'Actors');

-- --------------------------------------------------------

--
-- Struktur dari tabel `gender`
--

CREATE TABLE `gender` (
  `gender_id` int(11) NOT NULL,
  `gender` varchar(20) DEFAULT NULL
) ENGINE=InnoDB DEFAULT CHARSET=utf8 COLLATE=utf8_general_ci;

--
-- Dumping data untuk tabel `gender`
--

INSERT INTO `gender` (`gender_id`, `gender`) VALUES
(0, 'Unspecified'),
(1, 'Female'),
(2, 'Male');

-- --------------------------------------------------------

--
-- Struktur dari tabel `genre`
--

CREATE TABLE `genre` (
  `genre_id` int(11) NOT NULL,
  `genre_name` varchar(100) DEFAULT NULL
) ENGINE=InnoDB DEFAULT CHARSET=utf8 COLLATE=utf8_general_ci;

--
-- Dumping data untuk tabel `genre`
--

INSERT INTO `genre` (`genre_id`, `genre_name`) VALUES
(12, 'Adventure'),
(14, 'Fantasy'),
(16, 'Animation'),
(18, 'Drama'),
(27, 'Horror'),
(28, 'Action'),
(35, 'Comedy'),
(36, 'History'),
(37, 'Western'),
(53, 'Thriller'),
(80, 'Crime'),
(99, 'Documentary'),
(450, 'Romance Comedy'),
(878, 'Science Fiction'),
(9648, 'Mystery'),
(10402, 'Music'),
(10749, 'Romance'),
(10751, 'Family'),
(10752, 'War'),
(10769, 'Foreign'),
(10770, 'TV Movie');

-- --------------------------------------------------------

--
-- Struktur dari tabel `keyword`
--

CREATE TABLE `keyword` (
  `keyword_id` int(11) NOT NULL,
  `keyword_name` varchar(100) DEFAULT NULL
) ENGINE=InnoDB DEFAULT CHARSET=utf8 COLLATE=utf8_general_ci;

--
-- Dumping data untuk tabel `keyword`
--

INSERT INTO `keyword` (`keyword_id`, `keyword_name`) VALUES
(83, 'saving the world'),
(212, 'london england'),
(237, 'gay'),
(246, 'dancing'),
(282, 'video game'),
(306, 'jupiter'),
(310, 'artificial intelligence'),
(378, 'prison'),
(380, 'brother brother relationship'),
(387, 'california'),
(392, 'england'),
(393, 'civil war'),
(417, 'corruption'),
(470, 'spy'),
(488, 'moses'),
(494, 'father son relationship'),
(570, 'rape'),
(582, 'san francisco'),
(603, 'elves'),
(604, 'dwarves'),
(606, 'orcs'),
(609, 'middle-earth (tolkien)'),
(611, 'hobbit'),
(641, 'single parent'),
(679, 'cyborg'),
(703, 'detective'),
(779, 'martial arts'),
(803, 'android'),
(818, 'based on novel'),
(830, 'car race'),
(836, 'resistance'),
(839, 'mars'),
(849, 'dc comics'),
(917, 'journalism'),
(949, 'terrorist'),
(992, 'bus'),
(995, 'cinderella'),
(1157, 'wife husband relationship'),
(1201, 'austria'),
(1228, '1970s'),
(1262, 'mountains'),
(1296, 'shared universe'),
(1299, 'monster'),
(1353, 'underground'),
(1373, 'killer robot'),
(1376, 'assault rifle'),
(1406, 'night watchman'),
(1416, 'jazz'),
(1432, 'nasa'),
(1436, 'inventor'),
(1442, 'winter'),
(1448, 'distrust'),
(1475, 'telepathy'),
(1523, 'obsession'),
(1533, 'isolation'),
(1566, 'dream'),
(1576, 'technology'),
(1585, 'snake'),
(1589, 'sniper'),
(1640, 'conservatory'),
(1701, 'hero'),
(1718, 'dna'),
(1720, 'tyrannosaurus rex'),
(1766, 'velociraptor'),
(1852, 'mutant'),
(1930, 'kidnapping'),
(1956, 'world war ii'),
(1963, 'expedition'),
(1994, 'wolf'),
(2020, 'revolution'),
(2041, 'island'),
(2051, 'intelligence'),
(2095, 'anti hero'),
(2158, 'maze'),
(2176, 'music teacher'),
(2235, 'drug mule'),
(2276, 'talent'),
(2303, 'mathematician'),
(2343, 'magic'),
(2522, 'grizzly bear'),
(2598, 'museum'),
(2652, 'nazis'),
(2660, 'strong woman'),
(2766, 'mutation'),
(2857, 'elephant'),
(2858, 'sacrifice'),
(2887, 'manipulation'),
(2964, 'future'),
(3028, 'penguin'),
(3036, 'bible'),
(3070, 'mercenary'),
(3071, 'prince'),
(3077, 'leader'),
(3205, 'fairy tale'),
(3269, 'secret mission'),
(3289, 'villain'),
(3417, 'wormhole'),
(3428, 'speed'),
(3487, 'assistant'),
(3521, 'earthquake'),
(3544, 'machete'),
(3586, 'tv station'),
(3593, 'wilderness'),
(3645, 'madagascar'),
(3713, 'chase'),
(3800, 'airplane'),
(3801, 'space travel'),
(4003, 'botanist'),
(4090, 'colony'),
(4152, 'kingdom'),
(4289, 'secret agent'),
(4337, 'famine'),
(4379, 'time travel'),
(4380, 'black hole'),
(4458, 'post-apocalyptic'),
(4565, 'dystopia'),
(4580, 'van'),
(4769, 'supernatural powers'),
(4776, 'race against time'),
(4809, 'tiger'),
(4884, 'infection'),
(4978, 'immortality'),
(5086, 'telekinesis'),
(5565, 'biography'),
(5647, 'natural history'),
(5650, 'feral child'),
(5657, 'australia'),
(5774, 'forest'),
(5801, 'nerd'),
(5809, 'marriage crisis'),
(5895, 'viking'),
(5939, 'iraq'),
(6054, 'friendship'),
(6091, 'war'),
(6152, 'supernatural'),
(6259, 'psychopath'),
(6362, 'turtle'),
(6513, 'cartoon'),
(7002, 'vigilante'),
(7089, 'dominatrix'),
(7430, 'sleeping beauty'),
(7942, 'imaginary friend'),
(8056, 'quantum mechanics'),
(8764, 'times square'),
(8775, 'panther'),
(8828, 'marvel comic'),
(9454, 'frontier'),
(9663, 'sequel'),
(9673, 'love'),
(9682, 'history'),
(9685, 'futuristic'),
(9713, 'friends'),
(9714, 'remake'),
(9715, 'superhero'),
(9717, 'based on comic book'),
(9720, 'woods'),
(9740, 'sociopath'),
(9743, 'stranded'),
(9748, 'revenge'),
(9758, 'deception'),
(9785, 'perversion'),
(9826, 'murder'),
(9831, 'spaceship'),
(9882, 'space'),
(9888, 'spanking'),
(9920, 'royalty'),
(9937, 'suspense'),
(9951, 'alien'),
(10084, 'rescue'),
(10124, 'laboratory'),
(10160, 'engineering'),
(10235, 'family relationships'),
(10278, 'ninja'),
(10322, 'native american'),
(10336, 'animation'),
(10349, 'survival'),
(10364, 'mission'),
(10410, 'conspiracy'),
(10468, 'bear'),
(10562, 'on the run'),
(10607, 'transformers'),
(10617, 'disaster'),
(10629, 'vision'),
(10685, 'escape'),
(10718, 'fugitive'),
(10761, 'superhuman'),
(10787, 'jungle'),
(10794, 'snow'),
(10873, 'school'),
(10891, 'giant robot'),
(10941, 'disappearance'),
(11064, 'nazi germany'),
(11102, 'panzer'),
(11117, 'tank'),
(11219, 'navy seal'),
(11322, 'female protagonist'),
(11440, 'long take'),
(11469, 'memory loss'),
(11477, 'talking animal'),
(11513, 'cheating husband'),
(11687, 'breaking the fourth wall'),
(12332, 'apocalypse'),
(12377, 'zombie'),
(12392, 'best friend'),
(12405, 'outer space'),
(12446, 'another dimension'),
(12547, 'billionaire'),
(12554, 'dragon'),
(12616, 'dinosaur'),
(12617, 'airplane crash'),
(13014, 'orphan'),
(13040, 'electrocution'),
(13127, 'farmhouse'),
(14512, 'new york city'),
(14527, 'storm'),
(14531, 'play'),
(14544, 'robot'),
(14555, 'mi6'),
(14626, 'astronaut'),
(14643, 'battle'),
(14673, 'disease'),
(14735, 'motorcycle'),
(14751, 'youth'),
(14755, 'power outage'),
(14759, 'ape'),
(14760, 'scientist'),
(14819, 'violence'),
(14903, 'home invasion'),
(14964, 'drug'),
(15016, 'twins'),
(15068, 'one day'),
(15069, 'masked man'),
(15070, 'forever'),
(15124, 'framed'),
(15149, 'monkey'),
(15156, 'cell phone'),
(15261, 'erased memory'),
(15300, 'father daughter relationship'),
(15483, 'car chase'),
(18029, 'trapped'),
(18034, 'desert'),
(18035, 'family'),
(18101, 'bow and arrow'),
(18165, 'animal'),
(18249, 'game'),
(18253, 'moving'),
(18712, 'based on graphic novel'),
(33353, 'boy genius'),
(33479, 'single father'),
(33564, 'u.s. soldier'),
(33632, 'apartment'),
(33637, 'superpower'),
(33885, 'car'),
(33896, 'montage'),
(33977, 'medical experiment'),
(34009, 'tough girl'),
(34079, 'death'),
(40847, 'near future'),
(40850, 'destiny'),
(40870, 'race'),
(41412, 'sewer'),
(41509, 'hate'),
(41594, 'electricity'),
(50009, 'survival horror'),
(154846, 'farmer'),
(155030, 'superhero team'),
(155238, 'hijack'),
(155499, 'convoy'),
(155582, 'amusement park'),
(156028, 'broadway'),
(156039, 'space station'),
(156091, 'missing person'),
(156095, 'british secret service'),
(156395, 'imax'),
(156810, 'science'),
(156823, 'drummer'),
(157164, 'animal death'),
(157376, 'game of death'),
(157499, 'mother son relationship'),
(157894, 'ancient egypt'),
(157959, 'surgery'),
(158025, 'medical research'),
(158130, 'animal attack'),
(158175, 'bear attack'),
(158340, 'theme park'),
(158431, 'united kingdom'),
(158438, 'lost shoe'),
(158584, 'tv news'),
(158713, 'bdsm'),
(159138, 'death of son'),
(159433, 'surveillance camera'),
(160331, 'astrophysics'),
(160852, 'vienna opera'),
(161151, 'fiction'),
(161155, 'kids'),
(161184, 'reboot'),
(161219, 'consciousness'),
(161271, 'beast'),
(162344, 'antidote'),
(162484, 'future war'),
(162630, 'zero gravity'),
(162845, 'revolt'),
(162914, 'one night'),
(162988, 'dystopic future'),
(163227, 'unicorn'),
(163455, 'super powers'),
(165299, 'class prejudice'),
(166594, 'transforming robot'),
(166770, 'sex addict'),
(167625, 'talking to animals'),
(167925, 'employer employee relationship'),
(167982, 'unlikely friendship'),
(168603, 'deep space explorer'),
(169962, 'search party'),
(170418, 'public humiliation'),
(173003, 'evil stepmother'),
(173276, 'dreamer'),
(175421, 'death of husband'),
(175428, 'adventurer'),
(176095, 'jazz band'),
(176217, 'world domination'),
(177895, 'dark fantasy'),
(178010, 'jurassic park'),
(178857, 'dark horse comics'),
(179411, 'based on fairy tale'),
(179430, 'aftercreditsstinger'),
(179431, 'duringcreditsstinger'),
(180172, 'framed for murder'),
(180492, 'caste system'),
(180547, 'marvel cinematic universe'),
(181324, 'existentialism'),
(183728, 'sex tape'),
(184297, 'mystery killer'),
(185722, 'based on true events'),
(186523, 'lockdown'),
(186846, 'adaptation'),
(186847, 'retelling'),
(186849, 'literary adaptation'),
(187019, 'robot cop'),
(187028, 'gatling gun'),
(187056, 'woman director'),
(188270, 'epic battle'),
(188351, 'catastrophe'),
(188950, 'corporation'),
(188957, 'virus'),
(188959, 'plague'),
(189098, 'courage'),
(189411, 'disaster film'),
(189481, 'evil mastermind'),
(190954, 'peak oil'),
(190999, 'minions'),
(191199, 'criminal lawyer'),
(192913, 'warrior'),
(192962, 'alien attack'),
(194404, 'supervillain'),
(194976, 'fur trapper'),
(195242, 'clark kent'),
(195243, 'bruce wayne'),
(196367, 'battle for survival'),
(198423, 'moral dilemma'),
(198781, 'science experiment'),
(199073, 'wife murder'),
(204967, 'runner'),
(205399, 'muscle car'),
(206298, 'young adult'),
(206736, 'changing the past or future'),
(207268, 'neo-noir'),
(207431, 'murder suspect'),
(207569, 'human subjugation'),
(207716, 'actor'),
(207739, 'music school'),
(208289, '1980s'),
(208394, 'logician'),
(208395, 'cryptography'),
(208757, 'time paradox'),
(209141, 'followed'),
(209642, 'smithsonian'),
(209714, '3d'),
(211062, 'ethics'),
(211105, 'ramses'),
(211269, 'emotions'),
(211389, 'divergent'),
(212516, 'dark future'),
(212737, 'philosophical'),
(212760, 'interspecies romance'),
(213104, 'teen superheroes'),
(213895, 'san andreas'),
(213896, 'san andreas california'),
(213987, 'city ruin'),
(214349, 'relativity'),
(214714, 'futuristic car'),
(214715, 'futuristic city'),
(214820, 'robot human relationship'),
(215235, 'dead brother'),
(215774, 'stringer'),
(219843, 'immunity'),
(220855, 'pixels'),
(222529, 'rescue operation'),
(222665, 'missing wife'),
(223059, 'animal horror'),
(223060, 'self healing'),
(223438, 'based on young adult novel'),
(227497, 'turing test'),
(229266, 'dc extended universe'),
(233005, 'cybernetics'),
(233055, 'vienna'),
(234213, 'sword and sorcery'),
(234944, 'brain capacity'),
(234945, 'synthetic drug'),
(234946, 'human brain');

-- --------------------------------------------------------

--
-- Struktur dari tabel `language`
--

CREATE TABLE `language` (
  `language_id` int(11) NOT NULL,
  `language_code` varchar(10) DEFAULT NULL,
  `language_name` varchar(500) DEFAULT NULL
) ENGINE=InnoDB DEFAULT CHARSET=utf8 COLLATE=utf8_general_ci;

--
-- Dumping data untuk tabel `language`
--

INSERT INTO `language` (`language_id`, `language_code`, `language_name`) VALUES
(24574, 'en', 'English'),
(24575, 'sv', 'svenska'),
(24576, 'de', 'Deutsch'),
(24579, 'fr', 'Franu00e7ais'),
(24580, 'es', 'Espau00f1ol'),
(24587, 'zh', 'u666eu901au8bdd'),
(24588, 'ru', 'Pu0443u0441u0441u043au0438u0439'),
(24595, 'it', 'Italiano'),
(24614, 'ro', 'Romu00e2nu0103'),
(24615, 'ko', 'ud55cuad6duc5b4/uc870uc120ub9d0');

-- --------------------------------------------------------

--
-- Struktur dari tabel `language_role`
--

CREATE TABLE `language_role` (
  `role_id` int(11) NOT NULL,
  `language_role` varchar(20) DEFAULT NULL
) ENGINE=InnoDB DEFAULT CHARSET=utf8 COLLATE=utf8_general_ci;

--
-- Dumping data untuk tabel `language_role`
--

INSERT INTO `language_role` (`role_id`, `language_role`) VALUES
(1, 'Original'),
(2, 'Spoken');

-- --------------------------------------------------------

--
-- Struktur dari tabel `master_user`
--

CREATE TABLE `master_user` (
  `user_id` varchar(30) NOT NULL,
  `user_name` varchar(100) NOT NULL,
  `user_password` varchar(30) NOT NULL
) ENGINE=InnoDB DEFAULT CHARSET=utf8mb4 COLLATE=utf8mb4_general_ci;

--
-- Dumping data untuk tabel `master_user`
--

INSERT INTO `master_user` (`user_id`, `user_name`, `user_password`) VALUES
('2', 'star_jelly', 'sJ20'),
('superman', 'clark kent', 'sssss');

-- --------------------------------------------------------

--
-- Struktur dari tabel `memes`
--

CREATE TABLE `memes` (
  `id` int(11) NOT NULL,
  `url` varchar(255) NOT NULL,
  `text_atas` varchar(255) NOT NULL,
  `text_bawah` varchar(255) NOT NULL,
  `tanggal` date NOT NULL DEFAULT current_timestamp(),
  `id_pembuat` int(11) NOT NULL,
  `jumlah_like` int(11) NOT NULL DEFAULT 0
) ENGINE=InnoDB DEFAULT CHARSET=utf8mb4 COLLATE=utf8mb4_general_ci;

--
-- Dumping data untuk tabel `memes`
--

INSERT INTO `memes` (`id`, `url`, `text_atas`, `text_bawah`, `tanggal`, `id_pembuat`, `jumlah_like`) VALUES
(1, 'https://i.pinimg.com/474x/77/fc/f2/77fcf23be7e2611c9b804d255b6888af.jpg', 'Kenapa?', 'Terpesona sama ketampanan gue', '0000-00-00', 1, 4),
(2, 'https://i.pinimg.com/236x/e3/5a/9c/e35a9cb78c62ec20d9807176f76620cd.jpg', 'Halo', 'Bye', '0000-00-00', 3, 21),
(3, 'lalalalal', 'lalalaa', 'lallala', '0000-00-00', 1, 0),
(4, 'holaaa', 'oke', 'oke', '0000-00-00', 1, 0),
(5, 'ok', 'ok', 'ok', '0000-00-00', 3, 0),
(6, 'ok', 'ok', 'ok', '0000-00-00', 3, 0),
(7, 'ok', 'ok', 'ok', '0000-00-00', 3, 0),
(8, 'yyyy', 'yyyy', 'yyyy', '0000-00-00', 3, 0),
(9, 'b', 'v', 'd', '0000-00-00', 3, 0),
(10, 'yyy', 'yyy', 'yyy', '0000-00-00', 4, 0),
(11, 'ccc', 'cccc', 'ccc', '0000-00-00', 4, 0),
(12, 'mm', 'mm', 'mm', '0000-00-00', 3, 3),
(13, 'mm', 'mm', 'mm', '0000-00-00', 3, 1),
(14, 'bb', 'bb', 'bb', '0000-00-00', 1, 14),
(15, 'https://pic-bstarstatic.akamaized.net/ugc/f19145e1eeba9bb723b241bdaf1603b3.jpeg', 'okee', 'yess', '2023-01-07', 3, 18),
(16, 'https://www.greeners.co/wp-content/uploads/2021/03/Kucing-Domestik-1.jpg', 'Permisi kak?', 'Boleh minta makan?', '2023-01-08', 4, 23),
(17, 'https://ugm.ac.id/galleries/crop/14977--730x420px.jpg', 'Selamat Siang', 'Kawan', '2023-01-09', 3, 13),
(18, 'https://assets.promediateknologi.com/crop/0x0:0x0/0x0/webp/photo/2021/12/05/378408827.jpg', 'Apa', 'Gapapa', '2023-01-09', 1, 14),
(19, 'https://terasjabar.id/photo/plugin/article/2022/1662435235_1-org.jpg', 'Yu', 'Ok', '2023-01-11', 1, 10),
(21, 'https://easydrawingguides.com/wp-content/uploads/2021/11/Cartoon-Bunny-step-by-step-drawing-tutorial-step-10.png', 'Halo', 'Iya?', '2023-01-11', 3, 0),
(22, 'https://easydrawingguides.com/wp-content/uploads/2021/11/Cartoon-Bunny-step-by-step-drawing-tutorial-step-10.png', 'hai', 'bang', '2023-01-12', 1, 0);

-- --------------------------------------------------------

--
-- Struktur dari tabel `memes_comment`
--

CREATE TABLE `memes_comment` (
  `id` int(11) NOT NULL,
  `id_meme` int(11) NOT NULL,
  `id_pengguna` int(11) NOT NULL,
  `isi_komentar` varchar(255) NOT NULL,
  `tanggal_komentar` date NOT NULL
) ENGINE=InnoDB DEFAULT CHARSET=utf8mb4 COLLATE=utf8mb4_general_ci;

--
-- Dumping data untuk tabel `memes_comment`
--

INSERT INTO `memes_comment` (`id`, `id_meme`, `id_pengguna`, `isi_komentar`, `tanggal_komentar`) VALUES
(1, 1, 2, 'Good', '2022-12-05'),
(2, 1, 3, 'Bagus', '2022-11-14'),
(4, 1, 2, 'Halo', '2022-12-13'),
(25, 14, 3, 'halo', '2023-01-07'),
(26, 14, 3, 'oke', '2023-01-07'),
(27, 14, 3, 'yess', '2023-01-07'),
(28, 14, 3, 'hola', '2023-01-07'),
(29, 15, 3, 'nice', '2023-01-08'),
(30, 15, 3, 'haii', '2023-01-08'),
(31, 17, 3, 'halo', '2023-01-09'),
(32, 17, 1, 'oke', '2023-01-09');

-- --------------------------------------------------------

--
-- Struktur dari tabel `movie`
--

CREATE TABLE `movie` (
  `movie_id` int(11) NOT NULL,
  `title` varchar(1000) DEFAULT NULL,
  `budget` int(11) DEFAULT NULL,
  `homepage` varchar(1000) DEFAULT NULL,
  `overview` varchar(1000) DEFAULT NULL,
  `popularity` decimal(12,6) DEFAULT NULL,
  `release_date` date DEFAULT NULL,
  `revenue` bigint(20) DEFAULT NULL,
  `runtime` int(11) DEFAULT NULL,
  `movie_status` varchar(50) DEFAULT NULL,
  `tagline` varchar(1000) DEFAULT NULL,
  `vote_average` decimal(4,2) DEFAULT 0.00,
  `vote_count` int(11) DEFAULT NULL
) ENGINE=InnoDB DEFAULT CHARSET=utf8 COLLATE=utf8_general_ci;

--
-- Dumping data untuk tabel `movie`
--

INSERT INTO `movie` (`movie_id`, `title`, `budget`, `homepage`, `overview`, `popularity`, `release_date`, `revenue`, `runtime`, `movie_status`, `tagline`, `vote_average`, `vote_count`) VALUES
(189, 'Sin City: A Dame to Kill Fors', 65000000, 'http://sincity-2.com/', 'Some of Sin City\'s most hard-boiled citizens cross paths with a few of its more reviled inhabitants.', '85.428395', '2014-08-20', 39407616, 102, 'Released', 'There is no justice without sin.', '6.30', 1286),
(76341, 'Mad Max: Fury Road', 150000000, 'http://www.madmaxmovie.com/', 'An apocalyptic story set in the furthest reaches of our planet, in a stark desert landscape where humanity is broken, and most everyone is crazed fighting for the necessities of life. Within this world exist two rebels on the run who just might be able to restore order. There\'s Max, a man of action and a man of few words, who seeks peace of mind following the loss of his wife and child in the aftermath of the chaos. And Furiosa, a woman of action and a woman who believes her path to survival may be achieved if she can make it across the desert back to her childhood homeland.', '434.278564', '2015-05-13', 378858340, 120, 'Released', 'What a Lovely Day.', '7.20', 9427),
(76757, 'Jupiter Ascending', 176000003, 'http://www.jupiterascending.com', 'In a universe where human genetic material is the most precious commodity, an impoverished young Earth woman becomes the key to strategic maneuvers and internal strife within a powerful dynasty…', '85.369080', '2015-02-04', 183987723, 124, 'Released', 'Expand your universe.', '5.20', 2768),
(82702, 'How to Train Your Dragon 2', 145000000, 'http://www.howtotrainyourdragon.com/', 'The thrilling second chapter of the epic How To Train Your Dragon trilogy brings back the fantastical world of Hiccup and Toothless five years later. While Astrid, Snotlout and the rest of the gang are challenging each other to dragon races (the island\'s new favorite contact sport), the now inseparable pair journey through the skies, charting unmapped territories and exploring new worlds. When one of their adventures leads to the discovery of a secret ice cave that is home to hundreds of new wild dragons and the mysterious Dragon Rider, the two friends find themselves at the center of a battle to protect the peace.', '100.213910', '2014-06-12', 609123048, 102, 'Released', 'The training is over.', '7.60', 3106),
(87101, 'Terminator Genisys', 155000000, 'http://www.terminatormovie.com/', 'The year is 2029. John Connor, leader of the resistance continues the war against the machines. At the Los Angeles offensive, John\'s fears of the unknown future begin to emerge when TECOM spies reveal a new plot by SkyNet that will attack him from both fronts; past and future, and will ultimately change warfare forever.', '202.042635', '2015-06-23', 440603537, 126, 'Released', 'Reset the future', '5.80', 3631),
(91314, 'Transformers: Age of Extinction', 210000000, 'http://www.transformersmovie.com', 'As humanity picks up the pieces, following the conclusion of \"Transformers: Dark of the Moon,\" Autobots and Decepticons have all but vanished from the face of the planet. However, a group of powerful, ingenious businessman and scientists attempt to learn from past Transformer incursions and push the boundaries of technology beyond what they can control - all while an ancient, powerful Transformer menace sets Earth in his cross-hairs.', '116.840296', '2014-06-25', 1091405097, 165, 'Released', 'This is not war. It\'s extinction.', '5.80', 3095),
(98566, 'Teenage Mutant Ninja Turtles', 125000000, 'http://www.teenagemutantninjaturtlesmovie.com', 'The city needs heroes. Darkness has settled over New York City as Shredder and his evil Foot Clan have an iron grip on everything from the police to the politicians. The future is grim until four unlikely outcast brothers rise from the sewers and discover their destiny as Teenage Mutant Ninja Turtles. The Turtles must work with fearless reporter April and her wise-cracking cameraman Vern Fenwick to save the city and unravel Shredder\'s diabolical plan.', '143.350376', '2014-08-07', 477200000, 101, 'Released', 'Mysterious. Dangerous. Reptilious. You\'ve never seen heroes like this.', '5.80', 2636),
(99861, 'Avengers: Age of Ultron', 280000000, 'http://marvel.com/movies/movie/193/avengers_age_of_ultron', 'When Tony Stark tries to jumpstart a dormant peacekeeping program, things go awry and Earth’s Mightiest Heroes are put to the ultimate test as the fate of the planet hangs in the balance. As the villainous Ultron emerges, it is up to The Avengers to stop him from enacting his terrible plans, and soon uneasy alliances and unexpected action pave the way for an epic and unique global adventure.', '134.279229', '2015-04-22', 1405403694, 141, 'Released', 'A New Age Has Come.', '7.30', 6767),
(102382, 'The Amazing Spider-Man 2', 200000000, 'http://www.theamazingspiderman.com', 'For Peter Parker, life is busy. Between taking out the bad guys as Spider-Man and spending time with the person he loves, Gwen Stacy, high school graduation cannot come quickly enough. Peter has not forgotten about the promise he made to Gwen’s father to protect her by staying away, but that is a promise he cannot keep. Things will change for Peter when a new villain, Electro, emerges, an old friend, Harry Osborn, returns, and Peter uncovers new clues about his past.', '89.270217', '2014-04-16', 705717432, 142, 'Released', 'No more secrets.', '6.50', 4179),
(102651, 'Maleficent', 180000000, 'http://movies.disney.com/maleficent', 'The untold story of Disney\'s most iconic villain from the 1959 classic \'Sleeping Beauty\'. A beautiful, pure-hearted young woman, Maleficent has an idyllic life growing up in a peaceable forest kingdom, until one day when an invading army threatens the harmony of the land.  Maleficent rises to be the land\'s fiercest protector, but she ultimately suffers a ruthless betrayal – an act that begins to turn her heart into stone. Bent on revenge, Maleficent faces an epic battle with the invading King\'s successor and, as a result, places a curse upon his newborn infant Aurora. As the child grows, Maleficent realizes that Aurora holds the key to peace in the kingdom - and to Maleficent\'s true happiness as well.', '110.620647', '2014-05-28', 758539785, 97, 'Released', 'Don\'t believe the fairy tale.', '7.00', 4496),
(102899, 'Ant-Man', 130000000, 'http://marvel.com/movies/movie/180/ant-man', 'Armed with the astonishing ability to shrink in scale but increase in strength, master thief Scott Lang must embrace his inner-hero and help his mentor, Doctor Hank Pym, protect the secret behind his spectacular Ant-Man suit from a new generation of towering threats. Against seemingly insurmountable obstacles, Pym and Lang must plan and pull off a heist that will save the world.', '120.093610', '2015-07-14', 519311965, 117, 'Released', 'Heroes don\'t get any bigger.', '7.00', 5880),
(118340, 'Guardians of the Galaxy', 170000000, 'http://marvel.com/guardians', 'Light years from Earth, 26 years after being abducted, Peter Quill finds himself the prime target of a manhunt after discovering an orb wanted by Ronan the Accuser.', '481.098624', '2014-07-30', 773328629, 121, 'Released', 'All heroes start somewhere.', '7.90', 9742),
(119450, 'Dawn of the Planet of the Apes', 170000000, 'http://www.dawnofapes.com/', 'A group of scientists in San Francisco struggle to stay alive in the aftermath of a plague that is wiping out humanity, while Caesar tries to maintain dominance over his community of intelligent apes.', '243.791743', '2014-06-26', 710644566, 130, 'Released', 'One last chance for peace.', '7.30', 4410),
(122917, 'The Hobbit: The Battle of the Five Armies', 250000000, 'http://www.thehobbit.com/', 'Immediately after the events of The Desolation of Smaug, Bilbo and the dwarves try to defend Erebor\'s mountain of treasure from others who claim it: the men of the ruined Laketown and the elves of Mirkwood. Meanwhile an army of Orcs led by Azog the Defiler is marching on Erebor, fueled by the rise of the dark lord Sauron. Dwarves, elves and men must unite, and the hope for Middle-Earth falls into Bilbo\'s hands.', '120.965743', '2014-12-10', 956019788, 144, 'Released', 'Witness the defining chapter of the Middle-Earth saga', '7.10', 4760),
(127585, 'X-Men: Days of Future Past', 250000000, 'http://www.x-menmovies.com/', 'The ultimate X-Men ensemble fights a war for the survival of the species across two time periods as they join forces with their younger selves in an epic battle that must change the past – to save our future.', '118.078691', '2014-05-15', 747862775, 131, 'Released', 'To save the future, they must alter the past', '7.50', 6032),
(131631, 'The Hunger Games: Mockingjay - Part 1', 125000000, 'http://www.thehungergames.movie/', 'Katniss Everdeen reluctantly becomes the symbol of a mass rebellion against the autocratic Capitol.', '206.227151', '2014-11-18', 752100229, 123, 'Released', 'Fire burns brighter in the darkness', '6.60', 5584),
(131634, 'The Hunger Games: Mockingjay - Part 2', 160000000, 'http://www.thehungergames.movie/', 'With the nation of Panem in a full scale war, Katniss confronts President Snow in the final showdown. Teamed with a group of her closest friends – including Gale, Finnick, and Peeta – Katniss goes off on a mission with the unit from District 13 as they risk their lives to stage an assassination attempt on President Snow who has become increasingly obsessed with destroying her. The mortal traps, enemies, and moral choices that await Katniss will challenge her more than any arena she faced in The Hunger Games.', '127.284427', '2015-11-18', 653428261, 137, 'Released', 'The fire will burn forever.', '6.60', 3984),
(135397, 'Jurassic World', 150000000, 'http://www.jurassicworld.com/', 'Twenty-two years after the events of Jurassic Park, Isla Nublar now features a fully functioning dinosaur theme park, Jurassic World, as originally envisioned by John Hammond.', '418.708552', '2015-06-09', 1513528810, 124, 'Released', 'The park is open.', '6.50', 8662),
(147441, 'Exodus: Gods and Kings', 140000000, 'http://www.exodusgodsandkings.com/', 'The defiant leader Moses rises up against the Egyptian Pharaoh Ramses, setting 400,000 slaves on a monumental journey of escape from Egypt and its terrifying cycle of deadly plagues.', '101.599427', '2014-12-03', 268031828, 150, 'Released', 'Once brothers, now enemies.', '5.60', 1921),
(150540, 'Inside Out', 175000000, 'http://movies.disney.com/inside-out', 'Growing up can be a bumpy road, and it\'s no exception for Riley, who is uprooted from her Midwest life when her father starts a new job in San Francisco. Like all of us, Riley is guided by her emotions - Joy, Fear, Anger, Disgust and Sadness. The emotions live in Headquarters, the control center inside Riley\'s mind, where they help advise her through everyday life. As Riley and her emotions struggle to adjust to a new life in San Francisco, turmoil ensues in Headquarters. Although Joy, Riley\'s main and most important emotion, tries to keep things positive, the emotions conflict on how best to navigate a new city, house and school.', '128.655964', '2015-06-09', 857611174, 94, 'Released', 'Meet the little voices inside your head.', '8.00', 6560),
(150689, 'Cinderella', 95000000, 'http://movies.disney.com/cinderella', 'When her father unexpectedly passes away, young Ella finds herself at the mercy of her cruel stepmother and her daughters. Never one to give up hope, Ella\'s fortunes begin to change after meeting a dashing stranger in the woods.', '101.187052', '2015-03-12', 543514353, 105, 'Released', 'Midnight is just the beginning.', '6.70', 2374),
(157336, 'Interstellar', 165000000, 'http://www.interstellarmovie.net/', 'Interstellar chronicles the adventures of a group of explorers who make use of a newly discovered wormhole to surpass the limitations on human space travel and conquer the vast distances involved in an interstellar voyage.', '724.247784', '2014-11-05', 675120017, 169, 'Released', 'Mankind was born on Earth. It was never meant to die here.', '8.10', 10867),
(157350, 'Divergent', 85000000, 'http://www.thedivergentseries.movie/#divergent', 'In a world divided into factions based on personality types, Tris learns that she\'s been classified as Divergent and won\'t fit in. When she discovers a plot to destroy Divergents, Tris and the mysterious Four must find out what makes Divergents dangerous before it\'s too late.', '80.316463', '2014-03-14', 288747895, 139, 'Released', 'What makes you different makes you dangerous.', '6.90', 4663),
(158852, 'Tomorrowland', 190000000, 'http://movies.disney.com/tomorrowland', 'Bound by a shared destiny, a bright, optimistic teen bursting with scientific curiosity and a former boy-genius inventor jaded by disillusionment embark on a danger-filled mission to unearth the secrets of an enigmatic place somewhere in time and space that exists in their collective memory as \"Tomorrowland.\"', '130.311355', '2015-05-19', 209154322, 130, 'Released', 'Imagine a world where nothing is impossible.', '6.20', 2846),
(168259, 'Furious 7', 190000000, 'http://www.furious7.com/', 'Deckard Shaw seeks revenge against Dominic Toretto and his family for his comatose brother.', '102.322217', '2015-04-01', 1506249360, 137, 'Released', 'Vengeance Hits Home', '7.30', 4176),
(177572, 'Big Hero 6', 165000000, 'http://movies.disney.com/big-hero-6', 'The special bond that develops between plus-sized inflatable robot Baymax, and prodigy Hiro Hamada, who team up with a group of friends to form a band of high-tech heroes.', '203.734590', '2014-10-24', 652105443, 102, 'Released', 'From the creators of Wreck-it Ralph and Frozen', '7.80', 6135),
(177677, 'Mission: Impossible - Rogue Nation', 150000000, 'http://www.missionimpossible.com', 'Ethan and team take on their most impossible mission yet, eradicating the Syndicate - an International rogue organization as highly skilled as they are, committed to destroying the IMF.', '114.522237', '2015-07-23', 682330139, 131, 'Released', 'Desperate Times. Desperate Measures.', '7.10', 3224),
(181533, 'Night at the Museum: Secret of the Tomb', 127000000, '', 'When the magic powers of The Tablet of Ahkmenrah begin to die out, Larry Daley (Ben Stiller) spans the globe, uniting favorite and new characters while embarking on an epic quest to save the magic before it is gone forever.', '115.597753', '2014-12-17', 349424282, 97, 'Released', 'One Final Night to Save the Day.', '6.10', 1851),
(190859, 'American Sniper', 58800000, 'http://www.americansnipermovie.com', 'U.S. Navy SEAL Chris Kyle takes his sole mission—protect his comrades—to heart and becomes one of the most lethal snipers in American history. His pinpoint accuracy not only saves countless lives but also makes him a prime target of insurgents. Despite grave danger and his struggle to be a good husband and father to his family back in the States, Kyle serves four tours of duty in Iraq. However, when he finally returns home, he finds that he cannot leave the war behind.', '87.534370', '2014-12-11', 542307423, 133, 'Released', 'The most lethal sniper in U.S. history.', '7.40', 4469),
(194662, 'Birdman', 18000000, '', 'A fading actor best known for his portrayal of a popular superhero attempts to mount a comeback by appearing in a Broadway play. As opening night approaches, his attempts to become more altruistic, rebuild his career, and reconnect with friends and family prove more difficult than expected.', '89.811154', '2014-08-27', 103215094, 119, 'Released', 'or (The Unexpected Virtue of Ignorance)', '7.40', 4535),
(198184, 'Chappie', 49000000, 'http://www.chappie-movie.com', 'Every child comes into the world full of promise, and none more so than Chappie: he is gifted, special, a prodigy. Like any child, Chappie will come under the influence of his surroundings—some good, some bad—and he will rely on his heart and soul to find his way in the world and become his own man. But there\'s one thing that makes Chappie different from any one else: he is a robot.', '116.700319', '2015-03-04', 104399548, 120, 'Released', 'I am consciousness. I am alive. I am Chappie.', '6.60', 3062),
(198663, 'The Maze Runner', 34000000, 'http://themazerunnermovie.com/', 'Set in a post-apocalyptic world, young Thomas is deposited in a community of boys after his memory is erased, soon learning they\'re all trapped in a maze that will require him to join forces with fellow \"runners\" for a shot at escape.', '131.815575', '2014-09-10', 348319861, 113, 'Released', 'Run - Remember - Survive', '7.00', 5371),
(205596, 'The Imitation Game', 14000000, 'http://theimitationgamemovie.com/', 'Based on the real life story of legendary cryptanalyst Alan Turing, the film portrays the nail-biting race against time by Turing and his brilliant team of code-breakers at Britain\'s top-secret Government Code and Cypher School at Bletchley Park, during the darkest days of World War II.', '145.364591', '2014-11-14', 233555708, 113, 'Released', 'The true enigma was the man who cracked the code.', '8.00', 5723),
(206647, 'Spectre', 245000000, 'http://www.sonypictures.com/movies/spectre/', 'A cryptic message from Bond’s past sends him on a trail to uncover a sinister organization. While M battles political forces to keep the secret service alive, Bond peels back the layers of deceit to reveal the terrible truth behind SPECTRE.', '107.376788', '2015-10-26', 880674609, 148, 'Released', 'A Plan No One Escapes', '6.30', 4466),
(209112, 'Batman v Superman: Dawn of Justice', 250000000, 'http://www.batmanvsupermandawnofjustice.com/', 'Fearing the actions of a god-like Super Hero left unchecked, Gotham City’s own formidable, forceful vigilante takes on Metropolis’s most revered, modern-day savior, while the world wrestles with what sort of hero it really needs. And with Batman and Superman at war with one another, a new threat quickly arises, putting mankind in greater danger than it’s ever known before.', '155.790452', '2016-03-23', 873260194, 151, 'Released', 'Justice or revenge', '5.70', 7004),
(210577, 'Gone Girl', 61000000, 'http://www.gonegirlmovie.com/', 'With his wife\'s disappearance having become the focus of an intense media circus, a man sees the spotlight turned on him when it\'s suspected that he may not be innocent.', '143.041543', '2014-10-01', 369330363, 145, 'Released', 'You don\'t know what you\'ve got \'til it\'s...', '7.90', 5862),
(211672, 'Minions', 74000000, 'http://www.minionsmovie.com/', 'Minions Stuart, Kevin and Bob are recruited by Scarlet Overkill, a super-villain who, alongside her inventor husband Herb, hatches a plot to take over the world.', '875.581305', '2015-06-17', 1156730962, 91, 'Released', 'Before Gru, they had a history of bad bosses', '6.40', 4571),
(216015, 'Fifty Shades of Grey', 40000000, 'https://www.facebook.com/fiftyshadesofgreymovie', 'When college senior Anastasia Steele steps in for her sick roommate to interview prominent businessman Christian Grey for their campus paper, little does she realize the path her life will take. Christian, as enigmatic as he is rich and powerful, finds himself strangely drawn to Ana, and she to him. Though sexually inexperienced, Ana plunges headlong into an affair -- and learns that Christian\'s true sexual proclivities push the boundaries of pain and pleasure.', '98.755657', '2015-02-11', 571006128, 125, 'Released', 'Are you curious?', '5.20', 3254),
(225574, 'Non-Stop', 50000000, '', 'Bill Marks is a burned-out veteran of the Air Marshals service. He views the assignment not as a life-saving duty, but as a desk job in the sky. However, today\'s flight will be no routine trip. Shortly into the transatlantic journey from New York to London, he receives a series of mysterious text messages ordering him to have the government transfer $150 million into a secret account, or a passenger will die every 20 minutes.', '83.295796', '2014-01-26', 222809600, 106, 'Released', 'The hijacking was just the beginning.', '6.80', 2268),
(227159, 'Horrible Bosses 2', 42000000, '', 'Dale, Kurt and Nick decide to start their own business but things don\'t go as planned because of a slick investor, prompting the trio to pull off a harebrained and misguided kidnapping scheme.', '82.185281', '2014-11-26', 107670357, 108, 'Released', 'New Crime. Same Tools.', '6.10', 1536),
(228150, 'Fury', 68000000, '', 'Last months of World War II in April 1945. As the Allies make their final push in the European Theater, a battle-hardened U.S. Army sergeant in the 2nd Armored Division named Wardaddy commands a Sherman tank called \"Fury\" and its five-man crew on a deadly mission behind enemy lines. Outnumbered and outgunned, Wardaddy and his men face overwhelming odds in their heroic attempts to strike at the heart of Nazi Germany.', '139.575085', '2014-10-15', 211817906, 135, 'Released', 'War never ends quietly.', '7.40', 3946),
(238636, 'The Purge: Anarchy', 9000000, '', 'Three groups of people are trying to survive Purge Night, when their stories intertwine and are left stranded in The Purge trying to survive the chaos and violence that occurs.', '82.975841', '2014-07-17', 108782847, 104, 'Released', 'Welcome to America, where one night a year, all crime Is legal.', '6.60', 1954),
(240832, 'Lucy', 40000000, 'http://lucymovie.com/', 'A woman, accidentally caught in a dark deal, turns the tables on her captors and transforms into a merciless warrior evolved beyond human logic.', '115.241998', '2014-07-14', 126546825, 89, 'Released', 'The average person uses 10% of their brain capacity. Imagine what she could do with 100%.', '6.30', 5878),
(242582, 'Nightcrawler', 8500000, 'http://nightcrawlerfilm.com/', 'When Lou Bloom, desperate for work, muscles into the world of L.A. crime journalism, he blurs the line between observer and participant to become the star of his own story. Aiding him in his effort is Nina, a TV-news veteran.', '89.095538', '2014-10-23', 38697217, 117, 'Released', 'The city shines brightest at night', '7.60', 3395),
(244786, 'Whiplash', 3300000, 'http://sonyclassics.com/whiplash/', 'Under the direction of a ruthless instructor, a talented young drummer begins to pursue perfection at any cost, even his humanity.', '192.528841', '2014-10-10', 13092000, 105, 'Released', 'The road to greatness can take you to the edge.', '8.30', 4254),
(246655, 'X-Men: Apocalypse', 178000000, 'http://www.foxmovies.com/movies/x-men-apocalypse', 'After the re-emergence of the world\'s first mutant, world-destroyer Apocalypse, the X-Men must unite to defeat his extinction level plan.', '139.272042', '2016-05-18', 543934787, 144, 'Released', 'Only the strong will survive', '6.40', 4721),
(254128, 'San Andreas', 110000000, 'http://www.sanandreasmovie.com/', 'In the aftermath of a massive earthquake in California, a rescue-chopper pilot makes a dangerous journey across the state in order to rescue his estranged daughter.', '100.412364', '2015-05-27', 470490832, 114, 'Released', 'A rescue pilot survived an earthquake, this is what happens next', '6.00', 2968),
(257344, 'Pixels', 88000000, 'http://www.pixels-movie.com/', 'Video game experts are recruited by the military to fight 1980s-era video game characters who\'ve attacked New York.', '140.849495', '2015-07-16', 243637091, 105, 'Released', 'Game On.', '5.60', 2513),
(260346, 'Taken 3', 48000000, 'http://www.taken3movie.com/', 'Ex-government operative Bryan Mills finds his life is shattered when he\'s falsely accused of a murder that hits close to home. As he\'s pursued by a savvy police inspector, Mills employs his particular set of skills to track the real killer and exact his unique brand of justice.', '88.844777', '2014-12-16', 325771424, 109, 'Released', 'It Ends Here', '6.10', 2200),
(262500, 'Insurgent', 110000000, 'http://www.thedivergentseries.movie/#insurgent', 'Beatrice Prior must confront her inner demons and continue her fight against a powerful alliance which threatens to tear her society apart.', '103.718387', '2015-03-18', 295238201, 119, 'Released', 'One Choice Can Destroy You', '6.20', 3829),
(262504, 'Allegiant', 110000000, 'http://www.thedivergentseries.movie/#allegiant', 'Beatrice Prior and Tobias Eaton venture into the world outside of the fence and are taken into protective custody by a mysterious agency known as the Bureau of Genetic Welfare.', '86.105615', '2016-03-09', 179246868, 121, 'Released', 'Break the boundaries of your world', '5.90', 1998),
(264660, 'Ex Machina', 15000000, 'http://exmachina-movie.com/', 'Caleb, a 26 year old coder at the world\'s largest internet company, wins a competition to spend a week at a private mountain retreat belonging to Nathan, the reclusive CEO of the company. But when Caleb arrives at the remote location he finds that he will have to participate in a strange and fascinating experiment in which he must interact with the world\'s first true artificial intelligence, housed in the body of a beautiful robot girl.', '95.130041', '2015-01-21', 36869414, 108, 'Released', 'There is nothing more human than the will to survive', '7.60', 4737),
(270303, 'It Follows', 2000000, '', 'For 19-year-old Jay, fall should be about school, boys and weekends out at the lake. But a seemingly innocent physical encounter turns sour and gives her the inescapable sense that someone, or something, is following her. Faced with this burden, Jay and her teenage friends must find a way to escape the horror that seems to be only a few steps behind.', '100.876794', '2015-02-04', 14674076, 100, 'Released', 'It doesn\'t think, it doesn\'t feel, it doesn\'t give up', '6.60', 1832),
(270946, 'Penguins of Madagascar', 132000000, '', 'Skipper, Kowalski, Rico and Private join forces with undercover organization The North Wind to stop the villainous Dr. Octavius Brine from destroying the world as we know it.', '84.366984', '2014-11-22', 373552094, 92, 'Released', 'The Movie Event That Will Blow Their Cover', '6.50', 1346),
(271110, 'Captain America: Civil War', 250000000, 'http://marvel.com/captainamericapremiere', 'Following the events of Age of Ultron, the collective governments of the world pass an act designed to regulate all superhuman activity. This polarizes opinion amongst the Avengers, causing two factions to side with Iron Man or Captain America, which causes an epic battle between former allies.', '198.372395', '2016-04-27', 1153304495, 147, 'Released', 'Divided We Fall', '7.10', 7241),
(278927, 'The Jungle Book', 175000000, 'http://movies.disney.com/the-jungle-book-2016', 'After a threat from the tiger Shere Khan forces him to flee the jungle, a man-cub named Mowgli embarks on a journey of self discovery with the help of panther, Bagheera, and free spirited bear, Baloo.', '94.199316', '2016-04-07', 966550600, 106, 'Released', '', '6.70', 2892),
(281957, 'The Revenant', 135000000, 'http://www.foxmovies.com/movies/the-revenant', 'In the 1820s, a frontiersman, Hugh Glass, sets out on a path of vengeance against those who left him for dead after a bear mauling.', '100.635882', '2015-12-25', 532950503, 156, 'Released', '(n. One who has returned, as if from the dead.)', '7.30', 6396),
(286217, 'The Martian', 108000000, 'http://www.foxmovies.com/movies/the-martian', 'During a manned mission to Mars, Astronaut Mark Watney is presumed dead after a fierce storm and left behind by his crew. But Watney has survived and finds himself stranded and alone on the hostile planet. With only meager supplies, he must draw upon his ingenuity, wit and spirit to subsist and find a way to signal to Earth that he is alive.', '167.932870', '2015-09-30', 630161890, 141, 'Released', 'Bring Him Home', '7.60', 7268),
(293660, 'Deadpool', 58000000, 'http://www.foxmovies.com/movies/deadpool', 'Deadpool tells the origin story of former Special Forces operative turned mercenary Wade Wilson, who after being subjected to a rogue experiment that leaves him with accelerated healing powers, adopts the alter ego Deadpool. Armed with his new abilities and a dark, twisted sense of humor, Deadpool hunts down the man who nearly destroyed his life.', '514.569956', '2016-02-09', 783112979, 108, 'Released', 'Witness the beginning of a happy ending', '7.40', 10995),
(293863, 'The Age of Adaline', 25000000, 'http://theageofadalinemovie.com', 'After 29-year-old Adaline recovers from a nearly lethal accident, she inexplicably stops growing older. As the years stretch on and on, Adaline keeps her secret to herself  until she meets a man who changes her life.', '82.052056', '2015-04-16', 65663276, 112, 'Released', 'Love is timeless.', '7.40', 1990),
(294254, 'Maze Runner: The Scorch Trials', 61000000, 'http://mazerunnermovies.com', 'Thomas and his fellow Gladers face their greatest challenge yet: searching for clues about the mysterious and powerful organization known as WCKD. Their journey takes them to the Scorch, a desolate landscape filled with unimaginable obstacles. Teaming up with resistance fighters, the Gladers take on WCKD’s vastly superior forces and uncover its shocking plans for them all.', '113.161483', '2015-09-09', 311256926, 132, 'Released', 'The Maze Was Just the Beginning.', '6.40', 3040),
(297761, 'Suicide Squad', 175000000, 'http://www.suicidesquad.com/', 'From DC Comics comes the Suicide Squad, an antihero team of incarcerated supervillains who act as deniable assets for the United States government, undertaking high-risk black ops missions in exchange for commuted prison sentences.', '90.237920', '2016-08-02', 745000000, 123, 'Released', 'Worst Heroes Ever', '5.90', 7458),
(459497, 'biawak air', NULL, 'https://en.wikipedia.org/wiki/Home_page', 'biawak hewan airr', NULL, '2022-11-15', NULL, 100, NULL, NULL, '0.00', NULL),
(459498, 'homepage', NULL, 'https://cmlabs.co/id-id/seo-terms/homepage-adalah', 'homepage sangat bagus bgt', NULL, '2022-11-23', NULL, 100, NULL, NULL, '0.00', NULL),
(459499, 'halo', NULL, 'http://halo.com', 'abcdefghij', NULL, '2022-11-30', NULL, 103, NULL, NULL, '0.00', NULL),
(459500, 'hola', NULL, 'http://hola.com', 'abcdefghijkl', NULL, '2022-12-30', NULL, 99, NULL, NULL, '0.00', NULL),
(459501, 'qwqqqq', NULL, 'https://www.google.com/search?q=googl3&oq=googl3&aqs=chrome..69i57j46i131i199i433i465i512j0i131i433i512l2j0i433i512l5.642j0j7&sourceid=chrome&ie=UTF-8', 'qewqeweqwqe', NULL, '2022-12-04', NULL, 100, NULL, NULL, '0.00', NULL),
(459502, 'tes', NULL, 'https://docs.google.com/document/d/1MBNEF7olDn4xEpyenfrTXcXhGu_oJE5ynzwji822mzY/edit', 'testesasdada', NULL, '2023-01-04', NULL, 100, NULL, NULL, '0.00', NULL);

-- --------------------------------------------------------

--
-- Struktur dari tabel `movie_company`
--

CREATE TABLE `movie_company` (
  `movie_id` int(11) DEFAULT NULL,
  `company_id` int(11) DEFAULT NULL
) ENGINE=InnoDB DEFAULT CHARSET=utf8 COLLATE=utf8_general_ci;

--
-- Dumping data untuk tabel `movie_company`
--

INSERT INTO `movie_company` (`movie_id`, `company_id`) VALUES
(189, 10807),
(189, 11005),
(189, 11006),
(189, 13241),
(189, 14),
(189, 29076),
(189, 41658),
(76341, 2537),
(76341, 6194),
(76341, 79),
(76757, 444),
(76757, 450),
(76757, 6194),
(76757, 79),
(82702, 20154),
(82702, 521),
(87101, 13184),
(87101, 4),
(87101, 82819),
(91314, 11413),
(91314, 22826),
(91314, 2481),
(91314, 38833),
(91314, 4),
(91314, 435),
(91314, 56),
(91314, 76043),
(98566, 2348),
(98566, 2481),
(98566, 4),
(99861, 15357),
(99861, 420),
(99861, 76043),
(102382, 19551),
(102382, 31828),
(102382, 5),
(102382, 53462),
(102651, 16314),
(102651, 2),
(102651, 3036),
(102899, 420),
(118340, 20478),
(118340, 420),
(118340, 54850),
(118340, 76043),
(119450, 22213),
(119450, 290),
(119450, 7076),
(122917, 11),
(122917, 12),
(122917, 174),
(122917, 7413),
(122917, 8411),
(127585, 22213),
(127585, 306),
(127585, 37336),
(127585, 431),
(127585, 7505),
(127585, 76043),
(127585, 9168),
(131631, 1632),
(131631, 5420),
(131634, 1632),
(131634, 264),
(131634, 5420),
(135397, 13),
(135397, 3341),
(135397, 56),
(135397, 6452),
(135397, 923),
(147441, 1645),
(147441, 20656),
(147441, 52184),
(147441, 7076),
(150540, 2),
(150540, 3),
(150689, 2),
(150689, 28788),
(150689, 46339),
(150689, 47706),
(157336, 13769),
(157336, 4),
(157336, 6194),
(157336, 923),
(157336, 9996),
(157350, 14440),
(157350, 491),
(158852, 2),
(158852, 20656),
(158852, 59778),
(168259, 33),
(168259, 333),
(168259, 3341),
(168259, 40890),
(168259, 6452),
(168259, 7154),
(168259, 86352),
(168259, 86655),
(168259, 87857),
(168259, 87858),
(177572, 2),
(177572, 6125),
(177677, 11413),
(177677, 11461),
(177677, 21777),
(177677, 4),
(177677, 6277),
(177677, 69484),
(177677, 69485),
(181533, 20478),
(181533, 22213),
(181533, 2575),
(181533, 306),
(181533, 436),
(190859, 171),
(190859, 41624),
(190859, 57408),
(190859, 57409),
(190859, 6194),
(190859, 79),
(194662, 10104),
(194662, 22213),
(194662, 47169),
(194662, 52660),
(194662, 9015),
(198184, 18209),
(198184, 2531),
(198184, 28788),
(198184, 31076),
(198184, 34034),
(198184, 5),
(198184, 53638),
(198184, 7431),
(198663, 12292),
(198663, 22213),
(198663, 290),
(198663, 306),
(198663, 3672),
(198663, 8569),
(205596, 22146),
(205596, 38145),
(206647, 10761),
(206647, 5),
(206647, 69434),
(209112, 41624),
(209112, 429),
(209112, 507),
(209112, 6194),
(209112, 9993),
(209112, 9995),
(210577, 10104),
(210577, 15829),
(210577, 22213),
(210577, 306),
(210577, 508),
(210577, 60682),
(211672, 33),
(211672, 6704),
(216015, 10146),
(216015, 11801),
(216015, 27551),
(225574, 1885),
(225574, 20664),
(225574, 22123),
(225574, 26387),
(225574, 3823),
(225574, 5358),
(225574, 694),
(227159, 12),
(227159, 28732),
(227159, 6363),
(228150, 11029),
(228150, 16312),
(228150, 34034),
(228150, 39649),
(228150, 47169),
(228150, 5),
(238636, 2481),
(238636, 3172),
(238636, 33),
(238636, 47354),
(238636, 729),
(240832, 23616),
(240832, 33),
(240832, 3823),
(240832, 5358),
(240832, 6896),
(242582, 2266),
(242582, 24049),
(244786, 2266),
(244786, 3172),
(244786, 32157),
(246655, 22213),
(246655, 306),
(246655, 431),
(246655, 7505),
(246655, 78091),
(246655, 9168),
(254128, 12),
(254128, 34081),
(254128, 6194),
(254128, 79),
(257344, 2608),
(257344, 5),
(260346, 10611),
(260346, 1115),
(260346, 11261),
(260346, 22213),
(260346, 306),
(260346, 5358),
(260346, 6877),
(260346, 6896),
(260346, 87854),
(262500, 10227),
(262500, 14440),
(262500, 24097),
(262500, 491),
(262504, 10227),
(262504, 14440),
(262504, 1632),
(262504, 491),
(264660, 284),
(264660, 41077),
(264660, 5726),
(264660, 9349),
(270303, 26995),
(270303, 52739),
(270303, 8714),
(270946, 521),
(271110, 264),
(271110, 3036),
(271110, 420),
(271110, 84424),
(271110, 84425),
(278927, 2),
(278927, 20478),
(278927, 3036),
(278927, 7297),
(281957, 10039),
(281957, 10104),
(281957, 13796),
(281957, 28732),
(281957, 508),
(281957, 52660),
(281957, 562),
(281957, 77845),
(281957, 8870),
(286217, 1645),
(286217, 22213),
(286217, 2735),
(286217, 28788),
(286217, 306),
(286217, 6408),
(293660, 11307),
(293660, 22213),
(293660, 306),
(293660, 7505),
(293660, 78091),
(293863, 126),
(293863, 22107),
(293863, 737),
(294254, 12292),
(294254, 22213),
(294254, 3672),
(297761, 429),
(297761, 444),
(297761, 507),
(297761, 6194),
(297761, 9993);

-- --------------------------------------------------------

--
-- Struktur dari tabel `movie_genres`
--

CREATE TABLE `movie_genres` (
  `movie_id` int(11) DEFAULT NULL,
  `genre_id` int(11) DEFAULT NULL
) ENGINE=InnoDB DEFAULT CHARSET=utf8 COLLATE=utf8_general_ci;

--
-- Dumping data untuk tabel `movie_genres`
--

INSERT INTO `movie_genres` (`movie_id`, `genre_id`) VALUES
(189, 53),
(189, 80),
(76341, 12),
(76341, 28),
(76341, 53),
(76341, 878),
(76757, 12),
(76757, 14),
(76757, 28),
(76757, 878),
(82702, 12),
(82702, 14),
(82702, 16),
(82702, 28),
(82702, 35),
(82702, 10751),
(87101, 12),
(87101, 28),
(87101, 53),
(87101, 878),
(91314, 12),
(91314, 28),
(91314, 878),
(98566, 12),
(98566, 14),
(98566, 28),
(98566, 35),
(98566, 878),
(99861, 12),
(99861, 28),
(99861, 878),
(102382, 12),
(102382, 14),
(102382, 28),
(102651, 12),
(102651, 14),
(102651, 28),
(102651, 10749),
(102651, 10751),
(102899, 12),
(102899, 28),
(102899, 878),
(118340, 12),
(118340, 28),
(118340, 878),
(119450, 18),
(119450, 28),
(119450, 53),
(119450, 878),
(122917, 12),
(122917, 14),
(122917, 28),
(127585, 12),
(127585, 14),
(127585, 28),
(127585, 878),
(131631, 12),
(131631, 53),
(131631, 878),
(131634, 12),
(131634, 28),
(131634, 878),
(135397, 12),
(135397, 28),
(135397, 53),
(135397, 878),
(147441, 12),
(147441, 18),
(147441, 28),
(150540, 16),
(150540, 18),
(150540, 35),
(150540, 10751),
(150689, 14),
(150689, 18),
(150689, 10749),
(150689, 10751),
(157336, 12),
(157336, 18),
(157336, 878),
(157350, 12),
(157350, 28),
(157350, 878),
(158852, 12),
(158852, 878),
(158852, 9648),
(158852, 10751),
(168259, 28),
(177572, 12),
(177572, 16),
(177572, 28),
(177572, 35),
(177572, 10751),
(177677, 12),
(177677, 28),
(177677, 53),
(181533, 12),
(181533, 14),
(181533, 35),
(181533, 10751),
(190859, 28),
(190859, 10752),
(194662, 18),
(194662, 35),
(198184, 28),
(198184, 80),
(198184, 878),
(198663, 28),
(198663, 53),
(198663, 878),
(198663, 9648),
(205596, 18),
(205596, 36),
(205596, 53),
(205596, 10752),
(206647, 12),
(206647, 28),
(206647, 80),
(209112, 12),
(209112, 14),
(209112, 28),
(210577, 18),
(210577, 53),
(210577, 9648),
(211672, 12),
(211672, 16),
(211672, 35),
(211672, 10751),
(216015, 18),
(216015, 53),
(216015, 10749),
(225574, 28),
(225574, 53),
(225574, 9648),
(227159, 35),
(228150, 18),
(228150, 28),
(228150, 10752),
(238636, 27),
(238636, 53),
(240832, 28),
(240832, 878),
(242582, 18),
(242582, 53),
(242582, 80),
(244786, 18),
(246655, 878),
(254128, 18),
(254128, 28),
(254128, 53),
(257344, 28),
(257344, 35),
(257344, 878),
(260346, 28),
(260346, 53),
(262500, 12),
(262500, 53),
(262500, 878),
(262504, 12),
(262504, 878),
(264660, 18),
(264660, 878),
(270303, 27),
(270303, 53),
(270946, 12),
(270946, 16),
(270946, 35),
(270946, 10751),
(271110, 12),
(271110, 28),
(271110, 878),
(278927, 12),
(278927, 14),
(278927, 18),
(278927, 10751),
(281957, 12),
(281957, 18),
(281957, 37),
(281957, 53),
(286217, 12),
(286217, 18),
(286217, 878),
(293660, 12),
(293660, 28),
(293660, 35),
(293863, 14),
(293863, 18),
(293863, 10749),
(294254, 28),
(297761, 12),
(297761, 14),
(297761, 28),
(297761, 80),
(297761, 878),
(459499, 18),
(459499, 37),
(459499, 878),
(459497, 35),
(459497, 80),
(459497, 99),
(459497, 878),
(459497, 37),
(459498, 99),
(459500, 80),
(459499, 9648),
(189, 36),
(459501, 35),
(459498, 37);

-- --------------------------------------------------------

--
-- Struktur dari tabel `movie_keywords`
--

CREATE TABLE `movie_keywords` (
  `movie_id` int(11) DEFAULT NULL,
  `keyword_id` int(11) DEFAULT NULL
) ENGINE=InnoDB DEFAULT CHARSET=utf8 COLLATE=utf8_general_ci;

--
-- Dumping data untuk tabel `movie_keywords`
--

INSERT INTO `movie_keywords` (`movie_id`, `keyword_id`) VALUES
(189, 703),
(189, 4565),
(189, 7089),
(189, 9826),
(189, 9937),
(189, 15016),
(189, 18712),
(189, 178857),
(189, 207268),
(189, 209714),
(76341, 2964),
(76341, 3713),
(76341, 4458),
(76341, 4565),
(76341, 5657),
(76341, 10084),
(76341, 10349),
(76341, 10562),
(76341, 155499),
(76341, 190954),
(76341, 212516),
(76757, 306),
(76757, 9882),
(76757, 187056),
(76757, 209714),
(76757, 212760),
(82702, 494),
(82702, 1157),
(82702, 2858),
(82702, 5895),
(82702, 9663),
(82702, 10084),
(82702, 12554),
(82702, 157499),
(82702, 175421),
(82702, 192913),
(82702, 209714),
(87101, 83),
(87101, 310),
(87101, 679),
(87101, 1373),
(87101, 2964),
(87101, 4379),
(87101, 4565),
(87101, 9663),
(87101, 161151),
(87101, 179431),
(87101, 209714),
(91314, 9663),
(91314, 9951),
(91314, 10607),
(91314, 10891),
(91314, 14544),
(91314, 156395),
(91314, 166594),
(98566, 779),
(98566, 949),
(98566, 1701),
(98566, 2766),
(98566, 4580),
(98566, 6362),
(98566, 7002),
(98566, 9715),
(98566, 9717),
(98566, 10278),
(98566, 14512),
(98566, 41412),
(98566, 161184),
(98566, 198781),
(98566, 209714),
(99861, 8828),
(99861, 9663),
(99861, 9715),
(99861, 9717),
(99861, 10629),
(99861, 155030),
(99861, 179431),
(99861, 180547),
(99861, 209714),
(102382, 1523),
(102382, 8828),
(102382, 9663),
(102382, 9717),
(102382, 13040),
(102382, 33977),
(102382, 41594),
(102382, 163455),
(102651, 3205),
(102651, 3289),
(102651, 7430),
(102651, 177895),
(102651, 179411),
(102651, 186846),
(102651, 186847),
(102651, 186849),
(102651, 209714),
(102899, 8828),
(102899, 9715),
(102899, 9717),
(102899, 179430),
(102899, 179431),
(102899, 180547),
(102899, 209714),
(118340, 8828),
(118340, 9831),
(118340, 9882),
(118340, 12405),
(118340, 13014),
(118340, 175428),
(118340, 179430),
(118340, 179431),
(118340, 180547),
(119450, 3077),
(119450, 4090),
(119450, 4458),
(119450, 4565),
(119450, 5774),
(119450, 9663),
(119450, 9720),
(119450, 14759),
(119450, 14760),
(119450, 15149),
(119450, 158025),
(119450, 158130),
(119450, 188959),
(119450, 209714),
(122917, 417),
(122917, 603),
(122917, 604),
(122917, 606),
(122917, 609),
(122917, 611),
(122917, 12554),
(122917, 14643),
(122917, 167982),
(122917, 188270),
(122917, 234213),
(127585, 1228),
(127585, 1852),
(127585, 4379),
(127585, 8828),
(127585, 9717),
(127585, 10761),
(127585, 14527),
(127585, 161271),
(127585, 179430),
(127585, 206736),
(131631, 836),
(131631, 4458),
(131631, 4565),
(131631, 6091),
(131631, 9663),
(131631, 11322),
(131631, 18101),
(131631, 18249),
(131631, 162484),
(131631, 162845),
(131631, 165299),
(131631, 207569),
(131631, 223438),
(131634, 2020),
(131634, 2660),
(131634, 4565),
(131634, 157376),
(131634, 209714),
(131634, 223438),
(135397, 1299),
(135397, 1718),
(135397, 1720),
(135397, 1766),
(135397, 2041),
(135397, 9663),
(135397, 9937),
(135397, 10617),
(135397, 10685),
(135397, 12616),
(135397, 155582),
(135397, 158130),
(135397, 158340),
(135397, 178010),
(135397, 209714),
(135397, 223059),
(147441, 488),
(147441, 3036),
(147441, 157894),
(147441, 209714),
(147441, 211105),
(150540, 1566),
(150540, 6513),
(150540, 7942),
(150540, 10336),
(150540, 18035),
(150540, 18253),
(150540, 161155),
(150540, 163227),
(150540, 179431),
(150540, 209714),
(150540, 211269),
(150689, 995),
(150689, 2343),
(150689, 3071),
(150689, 3205),
(150689, 4152),
(150689, 9920),
(150689, 13014),
(150689, 158438),
(150689, 173003),
(150689, 186847),
(157336, 83),
(157336, 310),
(157336, 494),
(157336, 641),
(157336, 1432),
(157336, 1963),
(157336, 3417),
(157336, 3801),
(157336, 4337),
(157336, 4380),
(157336, 4565),
(157336, 4776),
(157336, 8056),
(157336, 9831),
(157336, 9882),
(157336, 10084),
(157336, 10235),
(157336, 13127),
(157336, 14544),
(157336, 14626),
(157336, 14760),
(157336, 15300),
(157336, 33479),
(157336, 154846),
(157336, 156039),
(157336, 156395),
(157336, 160331),
(157336, 162630),
(157336, 189098),
(157336, 208757),
(157336, 214349),
(157350, 818),
(157350, 4565),
(157350, 14751),
(157350, 162988),
(157350, 180492),
(157350, 211389),
(157350, 223438),
(158852, 1436),
(158852, 12332),
(158852, 40850),
(158852, 156395),
(158852, 173276),
(158852, 214714),
(158852, 214715),
(168259, 830),
(168259, 3428),
(168259, 9748),
(168259, 9937),
(168259, 33885),
(168259, 40870),
(168259, 205399),
(177572, 380),
(177572, 1701),
(177572, 2276),
(177572, 9748),
(177572, 12392),
(177572, 12446),
(177572, 14544),
(177572, 33353),
(177572, 41509),
(177572, 179430),
(177572, 198423),
(177572, 209714),
(177572, 213104),
(177572, 215235),
(177677, 212),
(177677, 470),
(177677, 1201),
(177677, 3289),
(177677, 9663),
(177677, 10364),
(177677, 10410),
(177677, 160852),
(177677, 233055),
(181533, 1406),
(181533, 2598),
(181533, 5647),
(181533, 9682),
(181533, 209642),
(190859, 1589),
(190859, 5565),
(190859, 5939),
(190859, 11219),
(190859, 33564),
(194662, 8764),
(194662, 9715),
(194662, 11440),
(194662, 14512),
(194662, 14531),
(194662, 156028),
(194662, 207716),
(198184, 310),
(198184, 803),
(198184, 14544),
(198184, 40847),
(198184, 187019),
(198663, 818),
(198663, 2158),
(198663, 4458),
(198663, 4565),
(198663, 10685),
(198663, 11469),
(198663, 15261),
(198663, 18029),
(198663, 162988),
(198663, 204967),
(198663, 223438),
(205596, 237),
(205596, 392),
(205596, 1956),
(205596, 2303),
(205596, 5565),
(205596, 208394),
(205596, 208395),
(206647, 470),
(206647, 818),
(206647, 4289),
(206647, 9663),
(206647, 14555),
(206647, 156095),
(206647, 158431),
(209112, 849),
(209112, 7002),
(209112, 9715),
(209112, 9717),
(209112, 9748),
(209112, 163455),
(209112, 195242),
(209112, 195243),
(209112, 229266),
(210577, 818),
(210577, 5809),
(210577, 10941),
(210577, 11513),
(210577, 156091),
(210577, 169962),
(210577, 191199),
(210577, 199073),
(210577, 207431),
(210577, 222665),
(211672, 3487),
(211672, 179430),
(211672, 179431),
(211672, 189481),
(211672, 190999),
(211672, 209714),
(216015, 818),
(216015, 9785),
(216015, 9888),
(216015, 12547),
(216015, 158713),
(216015, 187056),
(225574, 3800),
(225574, 10410),
(225574, 12617),
(225574, 15156),
(225574, 155238),
(225574, 162914),
(225574, 184297),
(227159, 378),
(227159, 1930),
(227159, 9663),
(227159, 15483),
(227159, 166770),
(227159, 183728),
(228150, 1956),
(228150, 2652),
(228150, 6091),
(228150, 11064),
(228150, 11102),
(228150, 11117),
(238636, 992),
(238636, 1376),
(238636, 1589),
(238636, 3544),
(238636, 4565),
(238636, 6259),
(238636, 9663),
(238636, 9748),
(238636, 9826),
(238636, 10349),
(238636, 14735),
(238636, 14819),
(238636, 15068),
(238636, 15069),
(238636, 33632),
(238636, 34079),
(238636, 50009),
(238636, 187028),
(240832, 310),
(240832, 1475),
(240832, 2051),
(240832, 2235),
(240832, 5086),
(240832, 9685),
(240832, 14964),
(240832, 33637),
(240832, 34009),
(240832, 156395),
(240832, 157959),
(240832, 234944),
(240832, 234945),
(240832, 234946),
(242582, 917),
(242582, 1353),
(242582, 3586),
(242582, 9740),
(242582, 14903),
(242582, 15483),
(242582, 158584),
(242582, 167925),
(242582, 211062),
(242582, 215774),
(244786, 1416),
(244786, 1523),
(244786, 1640),
(244786, 2176),
(244786, 14512),
(244786, 14819),
(244786, 33896),
(244786, 156823),
(244786, 170418),
(244786, 176095),
(244786, 206298),
(244786, 207739),
(246655, 1852),
(246655, 4769),
(246655, 8828),
(246655, 9715),
(246655, 9717),
(246655, 10761),
(246655, 12332),
(246655, 155030),
(246655, 176217),
(246655, 179430),
(246655, 208289),
(254128, 387),
(254128, 3521),
(254128, 188351),
(254128, 189411),
(254128, 209714),
(254128, 213895),
(254128, 213896),
(254128, 222529),
(257344, 282),
(257344, 5801),
(257344, 192962),
(257344, 209714),
(257344, 220855),
(260346, 9748),
(260346, 9826),
(260346, 10562),
(260346, 10718),
(260346, 15124),
(260346, 15300),
(260346, 180172),
(262500, 818),
(262500, 2020),
(262500, 4565),
(262500, 9663),
(262500, 162988),
(262500, 206298),
(262500, 209714),
(262500, 211389),
(262504, 818),
(262504, 2020),
(262504, 4565),
(262504, 9663),
(262504, 162988),
(262504, 206298),
(262504, 223438),
(264660, 246),
(264660, 310),
(264660, 1448),
(264660, 1533),
(264660, 1576),
(264660, 2887),
(264660, 6054),
(264660, 9758),
(264660, 10124),
(264660, 14544),
(264660, 14755),
(264660, 159433),
(264660, 161219),
(264660, 181324),
(264660, 186523),
(264660, 212737),
(264660, 214820),
(264660, 227497),
(264660, 233005),
(270303, 3713),
(270303, 6152),
(270303, 9713),
(270303, 10629),
(270303, 10873),
(270303, 206298),
(270303, 209141),
(270946, 3028),
(270946, 3645),
(270946, 209714),
(271110, 393),
(271110, 6091),
(271110, 8828),
(271110, 9663),
(271110, 9715),
(271110, 9717),
(271110, 156395),
(271110, 179430),
(271110, 179431),
(271110, 180547),
(271110, 209714),
(278927, 818),
(278927, 1585),
(278927, 1994),
(278927, 2857),
(278927, 4809),
(278927, 5650),
(278927, 8775),
(278927, 9714),
(278927, 10468),
(278927, 10787),
(278927, 11477),
(278927, 13014),
(278927, 18165),
(278927, 167625),
(281957, 494),
(281957, 570),
(281957, 818),
(281957, 1262),
(281957, 1442),
(281957, 2522),
(281957, 3593),
(281957, 9454),
(281957, 9748),
(281957, 9826),
(281957, 10322),
(281957, 10349),
(281957, 10468),
(281957, 10794),
(281957, 14819),
(281957, 157164),
(281957, 158175),
(281957, 159138),
(281957, 185722),
(281957, 194976),
(286217, 818),
(286217, 839),
(286217, 1432),
(286217, 1533),
(286217, 4003),
(286217, 9743),
(286217, 9831),
(286217, 9882),
(286217, 10160),
(286217, 10349),
(286217, 14626),
(286217, 156810),
(286217, 168603),
(286217, 179431),
(286217, 196367),
(293660, 2095),
(293660, 3070),
(293660, 8828),
(293660, 9715),
(293660, 9717),
(293660, 11687),
(293660, 179430),
(293660, 179431),
(293660, 223060),
(293863, 582),
(293863, 4978),
(293863, 9673),
(293863, 15070),
(294254, 818),
(294254, 836),
(294254, 2158),
(294254, 4458),
(294254, 4565),
(294254, 4884),
(294254, 10562),
(294254, 10685),
(294254, 12377),
(294254, 14527),
(294254, 14673),
(294254, 18034),
(294254, 41412),
(294254, 162344),
(294254, 188950),
(294254, 188957),
(294254, 204967),
(294254, 213987),
(294254, 219843),
(297761, 849),
(297761, 1296),
(297761, 2095),
(297761, 3269),
(297761, 3289),
(297761, 9715),
(297761, 194404),
(297761, 229266);

-- --------------------------------------------------------

--
-- Struktur dari tabel `movie_languages`
--

CREATE TABLE `movie_languages` (
  `movie_id` int(11) DEFAULT NULL,
  `language_id` int(11) DEFAULT NULL,
  `language_role_id` int(11) DEFAULT NULL
) ENGINE=InnoDB DEFAULT CHARSET=utf8 COLLATE=utf8_general_ci;

--
-- Dumping data untuk tabel `movie_languages`
--

INSERT INTO `movie_languages` (`movie_id`, `language_id`, `language_role_id`) VALUES
(189, 24574, 2),
(76341, 24574, 2),
(76757, 24574, 2),
(82702, 24574, 2),
(87101, 24574, 2),
(91314, 24574, 2),
(98566, 24574, 2),
(99861, 24574, 2),
(102382, 24574, 2),
(102651, 24574, 2),
(102899, 24574, 2),
(118340, 24574, 2),
(119450, 24574, 2),
(122917, 24574, 2),
(127585, 24574, 2),
(131631, 24574, 2),
(131634, 24574, 2),
(135397, 24574, 2),
(147441, 24574, 2),
(150540, 24574, 2),
(150689, 24574, 2),
(157336, 24574, 2),
(157350, 24574, 2),
(158852, 24574, 2),
(168259, 24574, 2),
(177572, 24574, 2),
(177677, 24574, 2),
(181533, 24574, 2),
(190859, 24574, 2),
(194662, 24574, 2),
(198184, 24574, 2),
(198663, 24574, 2),
(205596, 24574, 2),
(206647, 24574, 2),
(209112, 24574, 2),
(210577, 24574, 2),
(211672, 24574, 2),
(216015, 24574, 2),
(225574, 24574, 2),
(227159, 24574, 2),
(228150, 24574, 2),
(238636, 24574, 2),
(240832, 24574, 2),
(242582, 24574, 2),
(244786, 24574, 2),
(246655, 24574, 2),
(254128, 24574, 2),
(257344, 24574, 2),
(260346, 24574, 2),
(262500, 24574, 2),
(262504, 24574, 2),
(264660, 24574, 2),
(270303, 24574, 2),
(270946, 24574, 2),
(271110, 24574, 2),
(278927, 24574, 2),
(281957, 24574, 2),
(286217, 24574, 2),
(293660, 24574, 2),
(293863, 24574, 2),
(294254, 24574, 2),
(297761, 24574, 2),
(177677, 24575, 2),
(177677, 24576, 2),
(206647, 24576, 2),
(225574, 24576, 2),
(271110, 24576, 2),
(206647, 24579, 2),
(240832, 24579, 2),
(281957, 24579, 2),
(206647, 24580, 2),
(240832, 24580, 2),
(240832, 24587, 2),
(286217, 24587, 2),
(271110, 24588, 2),
(206647, 24595, 2),
(271110, 24614, 2),
(240832, 24615, 2),
(206647, 24574, 1),
(99861, 24574, 1),
(209112, 24574, 1),
(122917, 24574, 1),
(271110, 24574, 1),
(135397, 24574, 1),
(91314, 24574, 1),
(102382, 24574, 1),
(168259, 24574, 1),
(127585, 24574, 1),
(76757, 24574, 1),
(246655, 24574, 1),
(297761, 24574, 1),
(150540, 24574, 1),
(278927, 24574, 1),
(102651, 24574, 1),
(119450, 24574, 1),
(158852, 24574, 1),
(177572, 24574, 1),
(118340, 24574, 1),
(157336, 24574, 1),
(131634, 24574, 1),
(87101, 24574, 1),
(76341, 24574, 1),
(177677, 24574, 1),
(147441, 24574, 1),
(82702, 24574, 1),
(281957, 24574, 1),
(270946, 24574, 1),
(102899, 24574, 1),
(181533, 24574, 1),
(131631, 24574, 1),
(98566, 24574, 1),
(254128, 24574, 1),
(262500, 24574, 1),
(262504, 24574, 1),
(286217, 24574, 1),
(150689, 24574, 1),
(257344, 24574, 1),
(157350, 24574, 1),
(228150, 24574, 1),
(211672, 24574, 1),
(189, 24574, 1),
(210577, 24574, 1),
(294254, 24574, 1),
(293660, 24574, 1),
(190859, 24574, 1),
(225574, 24574, 1),
(198184, 24574, 1),
(260346, 24574, 1),
(240832, 24574, 1),
(216015, 24574, 1),
(227159, 24574, 1),
(198663, 24574, 1),
(293863, 24574, 1),
(194662, 24574, 1),
(205596, 24574, 1),
(264660, 24574, 1),
(238636, 24574, 1),
(242582, 24574, 1),
(244786, 24574, 1),
(270303, 24574, 1);

-- --------------------------------------------------------

--
-- Struktur dari tabel `person`
--

CREATE TABLE `person` (
  `person_id` int(11) NOT NULL,
  `person_name` varchar(500) DEFAULT NULL
) ENGINE=InnoDB DEFAULT CHARSET=utf8 COLLATE=utf8_general_ci;

--
-- Dumping data untuk tabel `person`
--

INSERT INTO `person` (`person_id`, `person_name`) VALUES
(3, 'Harrison Ford'),
(19, 'Allison Janney'),
(48, 'Sean Bean'),
(64, 'Gary Oldman'),
(103, 'Mark Ruffalo'),
(112, 'Cate Blanchett'),
(116, 'Keira Knightley'),
(131, 'Jake Gyllenhaal'),
(134, 'Jamie Foxx'),
(192, 'Morgan Freeman'),
(204, 'Kate Winslet'),
(287, 'Brad Pitt'),
(449, 'Jay Baruchel'),
(454, 'Michael Peu00f1a'),
(500, 'Tom Cruise'),
(819, 'Edward Norton'),
(880, 'Ben Affleck'),
(886, 'William Fichtner'),
(887, 'Owen Wilson'),
(1100, 'Arnold Schwarzenegger'),
(1231, 'Julianne Moore'),
(1241, 'John Turturro'),
(1245, 'Scarlett Johansson'),
(1247, 'Matthew Goode'),
(1283, 'Helena Bonham Carter'),
(1327, 'Ian McKellen'),
(1333, 'Andy Serkis'),
(1461, 'George Clooney'),
(1532, 'Bill Murray'),
(1640, 'Stellan Skarsgu00e5rd'),
(1813, 'Anne Hathaway'),
(1892, 'Matt Damon'),
(1893, 'Casey Affleck'),
(1907, 'Kathy Baker'),
(1979, 'Kevin Spacey'),
(2053, 'Bill Paxton'),
(2157, 'Robin Williams'),
(2178, 'Forest Whitaker'),
(2232, 'Michael Keaton'),
(2282, 'Ben Kingsley'),
(2283, 'Stanley Tucci'),
(2295, 'Mickey Rourke'),
(2524, 'Tom Hardy'),
(2888, 'Will Smith'),
(2960, 'Amr Waked'),
(3223, 'Robert Downey Jr.'),
(3292, 'Nicholas Hoult'),
(3392, 'Michael Douglas'),
(3489, 'Naomi Watts'),
(3894, 'Christian Bale'),
(3895, 'Michael Caine'),
(3896, 'Liam Neeson'),
(4491, 'Jennifer Aniston'),
(4581, 'Steve Coogan'),
(4587, 'Halle Berry'),
(4808, 'Giancarlo Esposito'),
(5469, 'Ralph Fiennes'),
(5530, 'James McAvoy'),
(5916, 'Rosario Dawson'),
(6193, 'Leonardo DiCaprio'),
(6885, 'Charlize Theron'),
(6949, 'John Malkovich'),
(6968, 'Hugh Jackman'),
(7031, 'Julian Rhind-Tutt'),
(7060, 'Martin Freeman'),
(7090, 'Kelsey Grammer'),
(7132, 'Vincent D\'Onofrio'),
(7399, 'Ben Stiller'),
(7499, 'Jared Leto'),
(8167, 'Paul Walker'),
(8169, 'Tyrese Gibson'),
(8447, 'Jeff Daniels'),
(8691, 'Zoe Saldana'),
(8784, 'Daniel Craig'),
(9273, 'Amy Adams'),
(9281, 'Elizabeth Banks'),
(9560, 'Ellen Burstyn'),
(10182, 'Ving Rhames'),
(10297, 'Matthew McConaughey'),
(10696, 'Famke Janssen'),
(10859, 'Ryan Reynolds'),
(10882, 'Rosamund Pike'),
(10959, 'Shia LaBeouf'),
(11108, 'Simon Pegg'),
(11701, 'Angelina Jolie'),
(11705, 'Michelle Monaghan'),
(11825, 'Maggie Grace'),
(12080, 'Conrad Vernon'),
(12097, 'Christopher Knights'),
(12098, 'Chris Miller'),
(12835, 'Vin Diesel'),
(13240, 'Mark Wahlberg'),
(14343, 'Rene Russo'),
(15336, 'Dougray Scott'),
(16828, 'Chris Evans'),
(16851, 'Josh Brolin'),
(17199, 'Corey Johnson'),
(17276, 'Gerard Butler'),
(17288, 'Michael Fassbender'),
(17604, 'Jeremy Renner'),
(17605, 'Idris Elba'),
(17647, 'Michelle Rodriguez'),
(17832, 'Carla Gugino'),
(17838, 'Rami Malek'),
(18050, 'Elle Fanning'),
(18277, 'Sandra Bullock'),
(18864, 'Tom McGrath'),
(18918, 'Dwayne Johnson'),
(18973, 'Mila Kunis'),
(18997, 'Bryce Dallas Howard'),
(18999, 'J.K. Simmons'),
(19034, 'Evangeline Lilly'),
(19278, 'Bill Hader'),
(19292, 'Adam Sandler'),
(19492, 'Viola Davis'),
(19498, 'Jon Bernthal'),
(19537, 'Megan Fox'),
(20191, 'Jose Pablo Cantillo'),
(20286, 'Toby Kebbell'),
(21007, 'Jonah Hill'),
(21125, 'Richard Kind'),
(21127, 'Bobby Cannavale'),
(21200, 'Will Arnett'),
(22226, 'Paul Rudd'),
(22970, 'Peter Dinklage'),
(23459, 'Sienna Miller'),
(23532, 'Jason Bateman'),
(24045, 'Joseph Gordon-Levitt'),
(25072, 'Oscar Isaac'),
(25136, 'Ken Stott'),
(25663, 'Thomas Brodie-Sangster'),
(26060, 'Hugh Keays-Byrne'),
(27319, 'Christoph Waltz'),
(27972, 'Josh Hutcherson'),
(28782, 'Monica Bellucci'),
(30315, 'Richard Armitage'),
(31168, 'Kiele Sanchez'),
(32895, 'Kevin James'),
(32987, 'Sam Riley'),
(33192, 'Joel Edgerton'),
(33235, 'Logan Lerman'),
(36594, 'Juno Temple'),
(37153, 'Zou00eb Kravitz'),
(37158, 'Carmen Ejogo'),
(37625, 'Andrew Garfield'),
(37632, 'Eddie Redmayne'),
(38673, 'Channing Tatum'),
(41091, 'Kristen Wiig'),
(41292, 'Keri Russell'),
(41419, 'Hugh Laurie'),
(41686, 'Neil Patrick Harris'),
(44735, 'Jesse Eisenberg'),
(49735, 'Aidan Gillen'),
(49971, 'Jennifer Ehle'),
(51329, 'Bradley Cooper'),
(51990, 'T.J. Miller'),
(52018, 'Britt Robertson'),
(53240, 'Riz Ahmed'),
(53650, 'Anthony Mackie'),
(54415, 'Josh Gad'),
(54693, 'Emma Stone'),
(54882, 'Morena Baccarin'),
(55152, 'Campbell Scott'),
(55636, 'Donald Sutherland'),
(56322, 'Amy Poehler'),
(56614, 'Ray Stevenson'),
(56731, 'Jessica Alba'),
(57755, 'Woody Harrelson'),
(58224, 'Jason Sudeikis'),
(58225, 'Zach Galifianakis'),
(59175, 'Blake Lively'),
(59219, 'Kyle Gallner'),
(59233, 'Scoot McNairy'),
(59251, 'Victor Rasuk'),
(59258, 'Lewis Black'),
(60898, 'Sebastian Stan'),
(61186, 'Nicola Peltz'),
(64295, 'Alan Ritchson'),
(64880, 'Choi Min-sik'),
(65524, 'Ioan Gruffudd'),
(65717, 'Jon Hamm'),
(66580, 'Scott Adsit'),
(70303, 'Zach Gilford'),
(70904, 'Michelle Dockery'),
(71580, 'Benedict Cumberbatch'),
(72129, 'Jennifer Lawrence'),
(73457, 'Chris Pratt'),
(73968, 'Henry Cavill'),
(74541, 'Corey Stoll'),
(74568, 'Chris Hemsworth'),
(76512, 'Jason Clarke'),
(76788, 'Dev Patel'),
(76793, 'Irrfan Khan'),
(77277, 'Nate Parker'),
(77335, 'Ben Mendelsohn'),
(78062, 'Aml Ameen'),
(78324, 'Jamie Chung'),
(78452, 'Gina Carano'),
(80352, 'Noel Fisher'),
(80602, 'Tyler Perry'),
(81685, 'Frank Grillo'),
(82093, 'Daniel Henney'),
(82191, 'Sharlto Copley'),
(83002, 'Jessica Chastain'),
(84497, 'Aaron Paul'),
(85718, 'Allen Leech'),
(90633, 'Gal Gadot'),
(91520, 'Michiel Huisman'),
(92404, 'Joel Kinnaman'),
(93210, 'Domhnall Gleeson'),
(93491, 'Will Poulter'),
(94185, 'Shailene Woodley'),
(95047, 'Graham McTavish'),
(95101, 'Charlie Day'),
(96066, 'Liam Hemsworth'),
(97604, 'Kevin Rahm'),
(109513, 'Alexandra Daddario'),
(115150, 'Kaya Scodelario'),
(118545, 'Dakota Johnson'),
(121529, 'Lu00e9a Seydoux'),
(122889, 'Dane DeHaan'),
(128645, 'Archie Panjabi'),
(129104, 'Melissa Benoist'),
(132712, 'Keir Gilchrist'),
(133980, 'Jake Weary'),
(139549, 'Rory Kinnear'),
(163139, 'Ben Reed'),
(169200, 'Phyllis Smith'),
(220448, 'Paul Anderson'),
(221581, 'Rebel Wilson'),
(222130, 'Eloise Mumford'),
(223012, 'Jayson Blair'),
(224181, 'Jai Courtney'),
(227454, 'Alicia Vikander'),
(230680, 'Douglas Booth'),
(234352, 'Margot Robbie'),
(512991, 'Richard Madden'),
(515510, 'Ryan Potter'),
(527393, 'Dylan O\'Brien'),
(543530, 'Dave Bautista'),
(587020, 'Theo James'),
(933238, 'Rebecca Ferguson'),
(965224, 'Thomas Robinson'),
(970216, 'Austin Stowell'),
(985040, 'Yolandi Visser'),
(985041, 'Ninja'),
(996701, 'Miles Teller'),
(1007683, 'Jack Reynor'),
(1016168, 'Lily James'),
(1047649, 'Ed Skrein'),
(1055230, 'Raffey Cassidy'),
(1056053, 'Josh Helman'),
(1094091, 'Maika Monroe'),
(1108907, 'Nick Robinson'),
(1159982, 'Ansel Elgort'),
(1172147, 'Daniel Zovatto'),
(1208406, 'Zou00eb Borde'),
(1210610, 'Olivia Luccardi'),
(1223786, 'Emilia Clarke'),
(1254583, 'Jamie Dornan'),
(1308445, 'Carrie Coon'),
(1310760, 'Ki Hong Lee'),
(1389339, 'Blake Cooper'),
(1414734, 'Neel Sethi'),
(1457238, 'Sonoya Mizuno'),
(1530518, 'Cole Konis');

-- --------------------------------------------------------

--
-- Struktur dari tabel `production_company`
--

CREATE TABLE `production_company` (
  `company_id` int(11) NOT NULL,
  `company_name` varchar(200) DEFAULT NULL
) ENGINE=InnoDB DEFAULT CHARSET=utf8 COLLATE=utf8_general_ci;

--
-- Dumping data untuk tabel `production_company`
--

INSERT INTO `production_company` (`company_id`, `company_name`) VALUES
(2, 'Walt Disney Pictures'),
(3, 'Pixar Animation Studios'),
(4, 'Paramount Pictures'),
(5, 'Columbia Pictures'),
(11, 'WingNut Films'),
(12, 'New Line Cinema'),
(13, 'Universal Studios'),
(14, 'Miramax Films'),
(33, 'Universal Pictures'),
(56, 'Amblin Entertainment'),
(79, 'Village Roadshow Pictures'),
(126, 'Lakeshore Entertainment'),
(171, 'Malpaso Productions'),
(174, 'Warner Bros. Pictures'),
(264, 'Studio Babelsberg'),
(284, 'DNA Films'),
(290, 'Ingenious Media'),
(306, 'Twentieth Century Fox Film Corporation'),
(333, 'Original Film'),
(420, 'Marvel Studios'),
(429, 'DC Comics'),
(431, 'Donners\' Company'),
(435, 'Di Bonaventura Pictures'),
(436, '1492 Pictures'),
(444, 'Dune Entertainment'),
(450, 'Anarchos Productions'),
(491, 'Summit Entertainment'),
(507, 'Atlas Entertainment'),
(508, 'Regency Enterprises'),
(521, 'DreamWorks Animation'),
(562, 'Appian Way'),
(694, 'StudioCanal'),
(729, 'Why Not Productions'),
(737, 'Sidney Kimmel Entertainment'),
(923, 'Legendary Pictures'),
(1115, 'M6 Films'),
(1632, 'Lionsgate'),
(1645, 'Scott Free Productions'),
(1885, 'Silver Pictures'),
(2266, 'Bold Films'),
(2348, 'Nickelodeon Movies'),
(2481, 'Platinum Dunes'),
(2531, 'Media Rights Capital'),
(2537, 'Kennedy Miller Productions'),
(2575, '21 Laps Entertainment'),
(2608, 'Happy Madison Productions'),
(2735, 'Mid Atlantic Films'),
(3036, 'Walt Disney Studios Motion Pictures'),
(3172, 'Blumhouse Productions'),
(3341, 'Fuji Television Network'),
(3672, 'Gotham Group'),
(3823, 'TF1 Films Production'),
(5358, 'Canal+'),
(5420, 'Color Force'),
(5726, 'Universal Pictures International (UPI)'),
(6125, 'Walt Disney Animation Studios'),
(6194, 'Warner Bros.'),
(6277, 'Skydance Productions'),
(6363, 'BenderSpink'),
(6408, 'International Traders'),
(6452, 'Dentsu'),
(6704, 'Illumination Entertainment'),
(6877, 'Grive Productions'),
(6896, 'EuropaCorp'),
(7076, 'Chernin Entertainment'),
(7154, 'One Race Films'),
(7297, 'Fairview Entertainment'),
(7413, '3Foot7'),
(7431, 'Sony Pictures Entertainment (SPE)'),
(7505, 'Marvel Entertainment'),
(8411, 'Metro-Goldwyn-Mayer (MGM)'),
(8569, 'Dayday Films'),
(8714, 'Northern Lights Films'),
(8870, 'CatchPlay'),
(9015, 'Worldview Entertainment'),
(9168, 'Bad Hat Harry Productions'),
(9349, 'Film4'),
(9993, 'DC Entertainment'),
(9995, 'Cruel & Unusual Films'),
(9996, 'Syncopy'),
(10039, 'Anonymous Content'),
(10104, 'New Regency Pictures'),
(10146, 'Focus Features'),
(10227, 'Mandeville Films'),
(10611, 'Cinu00e9+'),
(10761, 'Danjaq'),
(10807, 'Troublemaker Studios'),
(11005, 'AR Films'),
(11006, 'Aldamisa Entertainment'),
(11029, 'QED International'),
(11261, 'M6'),
(11307, 'The Donners\' Company'),
(11413, 'China Movie Channel'),
(11461, 'Bad Robot'),
(11801, 'Trigger Street Productions'),
(12292, 'Temple Hill Entertainment'),
(13184, 'Annapurna Pictures'),
(13241, 'Demarest Films'),
(13769, 'Lynda Obst Productions'),
(13796, 'Hong Kong Alpha Motion Pictures Co.'),
(14440, 'Red Wagon Entertainment'),
(15357, 'Prime Focus'),
(15829, 'Pacific Standard'),
(16312, 'Crave Films'),
(16314, 'Roth Films'),
(18209, 'Alpha Core'),
(19551, 'Marvel Enterprises'),
(20154, 'Mad Hatter Entertainment'),
(20478, 'Moving Picture Company (MPC)'),
(20656, 'Babieka'),
(20664, 'Anton Capital Entertainment (ACE)'),
(21777, 'TC Productions'),
(22107, 'Sierra/Affinity'),
(22123, 'TF1'),
(22146, 'Black Bear Pictures'),
(22213, 'TSG Entertainment'),
(22826, 'Hasbro Studios'),
(23616, 'Cinu00e9+'),
(24049, 'Sierra / Affinity'),
(24097, 'NeoReel'),
(26387, 'LOVEFiLM International'),
(26995, 'Animal Kingdom'),
(27551, 'Michael De Luca Productions'),
(28732, 'RatPac Entertainment'),
(28788, 'Genre Films'),
(29076, 'Solipsist Film'),
(31076, 'Simon Kinberg Productions'),
(31828, 'Avi Arad Productions'),
(32157, 'Right of Way Films'),
(34034, 'LStar Capital'),
(34081, 'Flynn Picture Company'),
(37336, 'Down Productions'),
(38145, 'Bristol Automotive'),
(38833, 'Ian Bryce Productions'),
(39649, 'Huayi Brothers Media'),
(40890, 'China Film Co.'),
(41077, 'A24'),
(41624, 'RatPac-Dune Entertainment'),
(41658, 'Residaco'),
(46339, 'Beagle Pug Films'),
(47169, 'Le Grisbi Productions'),
(47354, '5150 Action'),
(47706, 'Allison Shearmur Productions'),
(52184, 'Volcano Films'),
(52660, 'M Productions'),
(52739, 'Two Flints'),
(53462, 'Matt Tolmach Productions'),
(53638, 'Ollin Studio'),
(54850, 'Bulletproof Cupid'),
(57408, 'Mad Chance Productions'),
(57409, '22 & Indiana Pictures'),
(59778, 'A113'),
(60682, 'Artemple - Hollywood'),
(69434, 'B24'),
(69484, 'Alibaba Pictures Group'),
(69485, 'Odin'),
(76043, 'Revolution Sun Studios'),
(77845, 'Monarchy Enterprises S.a.r.l.'),
(78091, 'Kinberg Genre'),
(82819, 'Skydance Media'),
(84424, 'Vita-Ray Dutch Productions (III)'),
(84425, 'Deluxe Digital Studios'),
(86352, 'Quu00e9bec Production Services Tax Credit'),
(86655, 'Media Rights Capital (MRC)'),
(87854, 'Taken 3'),
(87857, 'Abu Dhabi Film Commission'),
(87858, 'Colorado Office of Film, Television & Media');

-- --------------------------------------------------------

--
-- Struktur dari tabel `production_country`
--

CREATE TABLE `production_country` (
  `movie_id` int(11) DEFAULT NULL,
  `country_id` int(11) DEFAULT NULL
) ENGINE=InnoDB DEFAULT CHARSET=utf8 COLLATE=utf8_general_ci;

--
-- Dumping data untuk tabel `production_country`
--

INSERT INTO `production_country` (`movie_id`, `country_id`) VALUES
(189, 214),
(76341, 133),
(76341, 214),
(76757, 214),
(82702, 214),
(87101, 214),
(91314, 214),
(98566, 214),
(99861, 214),
(102382, 214),
(102651, 214),
(102899, 214),
(118340, 162),
(118340, 214),
(119450, 214),
(122917, 195),
(122917, 214),
(127585, 162),
(127585, 214),
(131631, 214),
(131634, 151),
(131634, 214),
(135397, 214),
(147441, 158),
(147441, 162),
(147441, 214),
(150540, 214),
(150689, 162),
(150689, 214),
(157336, 142),
(157336, 214),
(157336, 162),
(157350, 214),
(158852, 214),
(168259, 177),
(168259, 214),
(177572, 214),
(177677, 146),
(177677, 214),
(181533, 162),
(181533, 214),
(190859, 214),
(194662, 214),
(198184, 190),
(198184, 215),
(198184, 214),
(198663, 214),
(205596, 162),
(206647, 162),
(206647, 214),
(209112, 214),
(210577, 214),
(211672, 214),
(216015, 214),
(225574, 161),
(225574, 162),
(225574, 214),
(227159, 214),
(228150, 162),
(228150, 214),
(228150, 146),
(238636, 161),
(238636, 214),
(240832, 161),
(240832, 214),
(242582, 214),
(244786, 214),
(246655, 214),
(254128, 142),
(254128, 214),
(254128, 133),
(257344, 214),
(260346, 161),
(260346, 214),
(262500, 214),
(262504, 214),
(264660, 162),
(270303, 214),
(270946, 214),
(271110, 214),
(278927, 162),
(278927, 214),
(281957, 142),
(281957, 166),
(281957, 212),
(281957, 214),
(286217, 214),
(293660, 214),
(293863, 214),
(294254, 214),
(297761, 214);

-- --------------------------------------------------------

--
-- Struktur dari tabel `users`
--

CREATE TABLE `users` (
  `id` int(11) NOT NULL,
  `username` varchar(255) NOT NULL,
  `nama_depan` varchar(255) NOT NULL,
  `nama_belakang` varchar(255) NOT NULL,
  `password` varchar(255) NOT NULL,
  `tanggal` date NOT NULL DEFAULT current_timestamp(),
  `link` varchar(255) NOT NULL,
  `pengaturan_privasi` tinyint(4) NOT NULL
) ENGINE=InnoDB DEFAULT CHARSET=utf8mb4 COLLATE=utf8mb4_general_ci;

--
-- Dumping data untuk tabel `users`
--

INSERT INTO `users` (`id`, `username`, `nama_depan`, `nama_belakang`, `password`, `tanggal`, `link`, `pengaturan_privasi`) VALUES
(1, 'babyBunny', 'Baby', 'Bunny', 'babybunny12', '2022-12-12', 'https://ubaya.fun/flutter/160719017/uas/image/1.jpg', 1),
(2, 'dora10', 'Dora', 'Yaki', 'dorarara', '2022-12-04', '', 1),
(3, 'halohola', 'Halo', 'Hola', 'halolo', '2022-11-07', 'https://ubaya.fun/flutter/160719017/uas/image/3.jpg', 1),
(4, 'gogo_', 'Gogo', 'Goga', 'gogogo', '2023-01-06', 'https://ubaya.fun/flutter/160719017/uas/image/4.jpg', 1),
(5, 'Aa', '', '', 'aa', '2023-01-09', 'https://www.its.ac.id/international/wp-content/uploads/sites/66/2020/02/blank-profile-picture-973460_1280.jpg', 0),
(6, '', '', '', '', '2023-01-10', 'https://cdn.pixabay.com/photo/2015/10/05/22/37/blank-profile-picture-973460_1280.png', 0),
(7, 'test', 'nama_depan', 'nama_belakang', 'password', '2023-01-10', 'https://cdn.pixabay.com/photo/2015/10/05/22/37/blank-profile-picture-973460_1280.png', 0),
(8, 'ya', '', '', 'ya', '2023-01-10', 'https://cdn.pixabay.com/photo/2015/10/05/22/37/blank-profile-picture-973460_1280.png', 0),
(9, 'Feli', '', '', 'feli', '2023-01-10', 'https://cdn.pixabay.com/photo/2015/10/05/22/37/blank-profile-picture-973460_1280.png', 0),
(10, 'Bora', '', '', 'bora', '2023-01-10', 'https://cdn.pixabay.com/photo/2015/10/05/22/37/blank-profile-picture-973460_1280.png', 0),
(11, 'garam', 'Kimi', 'Garami', 'wem', '2023-01-10', 'https://media.hitekno.com/thumbs/2022/08/11/56000-kim-garam/730x480-img-56000-kim-garam.jpg', 1);

--
-- Indexes for dumped tables
--

--
-- Indeks untuk tabel `country`
--
ALTER TABLE `country`
  ADD PRIMARY KEY (`country_id`);

--
-- Indeks untuk tabel `department`
--
ALTER TABLE `department`
  ADD PRIMARY KEY (`department_id`);

--
-- Indeks untuk tabel `gender`
--
ALTER TABLE `gender`
  ADD PRIMARY KEY (`gender_id`);

--
-- Indeks untuk tabel `genre`
--
ALTER TABLE `genre`
  ADD PRIMARY KEY (`genre_id`);

--
-- Indeks untuk tabel `keyword`
--
ALTER TABLE `keyword`
  ADD PRIMARY KEY (`keyword_id`);

--
-- Indeks untuk tabel `language`
--
ALTER TABLE `language`
  ADD PRIMARY KEY (`language_id`);

--
-- Indeks untuk tabel `language_role`
--
ALTER TABLE `language_role`
  ADD PRIMARY KEY (`role_id`);

--
-- Indeks untuk tabel `master_user`
--
ALTER TABLE `master_user`
  ADD PRIMARY KEY (`user_id`);

--
-- Indeks untuk tabel `memes`
--
ALTER TABLE `memes`
  ADD PRIMARY KEY (`id`),
  ADD KEY `id_pembuat` (`id_pembuat`);

--
-- Indeks untuk tabel `memes_comment`
--
ALTER TABLE `memes_comment`
  ADD PRIMARY KEY (`id`),
  ADD KEY `id_meme` (`id_meme`),
  ADD KEY `id_pengguna` (`id_pengguna`);

--
-- Indeks untuk tabel `movie`
--
ALTER TABLE `movie`
  ADD PRIMARY KEY (`movie_id`);

--
-- Indeks untuk tabel `movie_company`
--
ALTER TABLE `movie_company`
  ADD KEY `fk_mc_movie` (`movie_id`),
  ADD KEY `fk_mc_comp` (`company_id`);

--
-- Indeks untuk tabel `movie_genres`
--
ALTER TABLE `movie_genres`
  ADD KEY `fk_mg_movie` (`movie_id`),
  ADD KEY `fk_mg_genre` (`genre_id`);

--
-- Indeks untuk tabel `movie_keywords`
--
ALTER TABLE `movie_keywords`
  ADD KEY `fk_mk_movie` (`movie_id`),
  ADD KEY `fk_mk_keyword` (`keyword_id`);

--
-- Indeks untuk tabel `movie_languages`
--
ALTER TABLE `movie_languages`
  ADD KEY `fk_ml_movie` (`movie_id`),
  ADD KEY `fk_ml_lang` (`language_id`),
  ADD KEY `fk_ml_role` (`language_role_id`);

--
-- Indeks untuk tabel `person`
--
ALTER TABLE `person`
  ADD PRIMARY KEY (`person_id`);

--
-- Indeks untuk tabel `production_company`
--
ALTER TABLE `production_company`
  ADD PRIMARY KEY (`company_id`);

--
-- Indeks untuk tabel `production_country`
--
ALTER TABLE `production_country`
  ADD KEY `fk_pc_movie` (`movie_id`),
  ADD KEY `fk_pc_country` (`country_id`);

--
-- Indeks untuk tabel `users`
--
ALTER TABLE `users`
  ADD PRIMARY KEY (`id`);

--
-- AUTO_INCREMENT untuk tabel yang dibuang
--

--
-- AUTO_INCREMENT untuk tabel `country`
--
ALTER TABLE `country`
  MODIFY `country_id` int(11) NOT NULL AUTO_INCREMENT, AUTO_INCREMENT=255;

--
-- AUTO_INCREMENT untuk tabel `department`
--
ALTER TABLE `department`
  MODIFY `department_id` int(11) NOT NULL AUTO_INCREMENT, AUTO_INCREMENT=16;

--
-- AUTO_INCREMENT untuk tabel `language`
--
ALTER TABLE `language`
  MODIFY `language_id` int(11) NOT NULL AUTO_INCREMENT, AUTO_INCREMENT=24702;

--
-- AUTO_INCREMENT untuk tabel `memes`
--
ALTER TABLE `memes`
  MODIFY `id` int(11) NOT NULL AUTO_INCREMENT, AUTO_INCREMENT=23;

--
-- AUTO_INCREMENT untuk tabel `memes_comment`
--
ALTER TABLE `memes_comment`
  MODIFY `id` int(11) NOT NULL AUTO_INCREMENT, AUTO_INCREMENT=33;

--
-- AUTO_INCREMENT untuk tabel `movie`
--
ALTER TABLE `movie`
  MODIFY `movie_id` int(11) NOT NULL AUTO_INCREMENT, AUTO_INCREMENT=459503;

--
-- AUTO_INCREMENT untuk tabel `users`
--
ALTER TABLE `users`
  MODIFY `id` int(11) NOT NULL AUTO_INCREMENT, AUTO_INCREMENT=12;

--
-- Ketidakleluasaan untuk tabel pelimpahan (Dumped Tables)
--

--
-- Ketidakleluasaan untuk tabel `memes`
--
ALTER TABLE `memes`
  ADD CONSTRAINT `id_pembuat` FOREIGN KEY (`id_pembuat`) REFERENCES `users` (`id`);

--
-- Ketidakleluasaan untuk tabel `memes_comment`
--
ALTER TABLE `memes_comment`
  ADD CONSTRAINT `id_meme` FOREIGN KEY (`id_meme`) REFERENCES `memes` (`id`),
  ADD CONSTRAINT `id_pengguna` FOREIGN KEY (`id_pengguna`) REFERENCES `users` (`id`);

--
-- Ketidakleluasaan untuk tabel `movie_company`
--
ALTER TABLE `movie_company`
  ADD CONSTRAINT `fk_mc_comp` FOREIGN KEY (`company_id`) REFERENCES `production_company` (`company_id`),
  ADD CONSTRAINT `fk_mc_movie` FOREIGN KEY (`movie_id`) REFERENCES `movie` (`movie_id`);

--
-- Ketidakleluasaan untuk tabel `movie_genres`
--
ALTER TABLE `movie_genres`
  ADD CONSTRAINT `fk_mg_genre` FOREIGN KEY (`genre_id`) REFERENCES `genre` (`genre_id`),
  ADD CONSTRAINT `fk_mg_movie` FOREIGN KEY (`movie_id`) REFERENCES `movie` (`movie_id`);

--
-- Ketidakleluasaan untuk tabel `movie_keywords`
--
ALTER TABLE `movie_keywords`
  ADD CONSTRAINT `fk_mk_keyword` FOREIGN KEY (`keyword_id`) REFERENCES `keyword` (`keyword_id`),
  ADD CONSTRAINT `fk_mk_movie` FOREIGN KEY (`movie_id`) REFERENCES `movie` (`movie_id`);

--
-- Ketidakleluasaan untuk tabel `movie_languages`
--
ALTER TABLE `movie_languages`
  ADD CONSTRAINT `fk_ml_lang` FOREIGN KEY (`language_id`) REFERENCES `language` (`language_id`),
  ADD CONSTRAINT `fk_ml_movie` FOREIGN KEY (`movie_id`) REFERENCES `movie` (`movie_id`),
  ADD CONSTRAINT `fk_ml_role` FOREIGN KEY (`language_role_id`) REFERENCES `language_role` (`role_id`);

--
-- Ketidakleluasaan untuk tabel `production_country`
--
ALTER TABLE `production_country`
  ADD CONSTRAINT `fk_pc_country` FOREIGN KEY (`country_id`) REFERENCES `country` (`country_id`),
  ADD CONSTRAINT `fk_pc_movie` FOREIGN KEY (`movie_id`) REFERENCES `movie` (`movie_id`);
COMMIT;

/*!40101 SET CHARACTER_SET_CLIENT=@OLD_CHARACTER_SET_CLIENT */;
/*!40101 SET CHARACTER_SET_RESULTS=@OLD_CHARACTER_SET_RESULTS */;
/*!40101 SET COLLATION_CONNECTION=@OLD_COLLATION_CONNECTION */;
